insert into hersteller (hersteller_id, hersteller_name) values (1, 'Verastem, Inc.');
insert into hersteller (hersteller_id, hersteller_name) values (2, 'Principal Millennials Index ETF');
insert into hersteller (hersteller_id, hersteller_name) values (3, 'Unisys Corporation');
insert into hersteller (hersteller_id, hersteller_name) values (4, 'Salisbury Bancorp, Inc.');
insert into hersteller (hersteller_id, hersteller_name) values (5, 'Pacific Mercantile Bancorp');
insert into hersteller (hersteller_id, hersteller_name) values (6, 'TCW Strategic Income Fund, Inc.');
insert into hersteller (hersteller_id, hersteller_name) values (7, 'Hallmark Financial Services, Inc.');
insert into hersteller (hersteller_id, hersteller_name) values (8, 'MGP Ingredients, Inc.');
insert into hersteller (hersteller_id, hersteller_name) values (9, 'Rigel Pharmaceuticals, Inc.');
insert into hersteller (hersteller_id, hersteller_name) values (10, 'Maxim Integrated Products, Inc.');
insert into hersteller (hersteller_id, hersteller_name) values (11, 'Jumei International Holding Limited');
insert into hersteller (hersteller_id, hersteller_name) values (12, 'Kopin Corporation');
insert into hersteller (hersteller_id, hersteller_name) values (13, 'FlexShares STOXX Global ESG Impact Index Fund');
insert into hersteller (hersteller_id, hersteller_name) values (14, 'Eaton Vance Floating Rate Income Trust');
insert into hersteller (hersteller_id, hersteller_name) values (15, 'LeMaitre Vascular, Inc.');
insert into hersteller (hersteller_id, hersteller_name) values (16, 'John Hancock Income Securities Trust');
insert into hersteller (hersteller_id, hersteller_name) values (17, 'Mazor Robotics Ltd.');
insert into hersteller (hersteller_id, hersteller_name) values (18, 'BlackRock Resources');
insert into hersteller (hersteller_id, hersteller_name) values (19, 'Bemis Company, Inc.');
insert into hersteller (hersteller_id, hersteller_name) values (20, 'First Trust NASDAQ-100 Ex-Technology Sector Index Fund');
insert into hersteller (hersteller_id, hersteller_name) values (21, 'Diversified Real Asset Income Fund');
insert into hersteller (hersteller_id, hersteller_name) values (22, 'Alon USA Partners, LP');
insert into hersteller (hersteller_id, hersteller_name) values (23, 'Coffee Holding Co., Inc.');
insert into hersteller (hersteller_id, hersteller_name) values (24, 'Global Self Storage, Inc.');
insert into hersteller (hersteller_id, hersteller_name) values (25, 'Function(x) Inc.');
insert into hersteller (hersteller_id, hersteller_name) values (26, 'BioTelemetry, Inc.');
insert into hersteller (hersteller_id, hersteller_name) values (27, 'Grupo Aval Acciones y Valores S.A.');
insert into hersteller (hersteller_id, hersteller_name) values (28, 'Abeona Therapeutics Inc.');
insert into hersteller (hersteller_id, hersteller_name) values (29, 'WMIH Corp.');
insert into hersteller (hersteller_id, hersteller_name) values (30, 'Grupo Financiero Santander Mexico S.A. B. de C.V.');
insert into hersteller (hersteller_id, hersteller_name) values (31, 'CPFL Energia S.A.');
insert into hersteller (hersteller_id, hersteller_name) values (32, 'Industrias Bachoco, S.A. de C.V.');
insert into hersteller (hersteller_id, hersteller_name) values (33, 'Juniper Networks, Inc.');
insert into hersteller (hersteller_id, hersteller_name) values (34, 'Diamondback Energy, Inc.');
insert into hersteller (hersteller_id, hersteller_name) values (35, 'American Realty Investors, Inc.');
insert into hersteller (hersteller_id, hersteller_name) values (36, 'Rex Energy Corporation');
insert into hersteller (hersteller_id, hersteller_name) values (37, 'Mercury Systems Inc');
insert into hersteller (hersteller_id, hersteller_name) values (38, 'ATN International, Inc.');
insert into hersteller (hersteller_id, hersteller_name) values (39, 'American International Group, Inc.');
insert into hersteller (hersteller_id, hersteller_name) values (40, 'Medley Capital Corporation');
insert into hersteller (hersteller_id, hersteller_name) values (41, 'Aegean Marine Petroleum Network Inc.');
insert into hersteller (hersteller_id, hersteller_name) values (42, 'Holly Energy Partners, L.P.');
insert into hersteller (hersteller_id, hersteller_name) values (43, 'Northern Trust Corporation');
insert into hersteller (hersteller_id, hersteller_name) values (44, 'Navistar International Corporation');
insert into hersteller (hersteller_id, hersteller_name) values (45, 'Mercantile Bank Corporation');
insert into hersteller (hersteller_id, hersteller_name) values (46, 'ClearSign Combustion Corporation');
insert into hersteller (hersteller_id, hersteller_name) values (47, 'Dividend and Income Fund');
insert into hersteller (hersteller_id, hersteller_name) values (48, 'Countrywide Financial Corporation');
insert into hersteller (hersteller_id, hersteller_name) values (49, 'Qwest Corporation');
insert into hersteller (hersteller_id, hersteller_name) values (50, 'Computer Task Group, Incorporated');
insert into hersteller (hersteller_id, hersteller_name) values (51, 'Avon Products, Inc.');
insert into hersteller (hersteller_id, hersteller_name) values (52, 'Allete, Inc.');
insert into hersteller (hersteller_id, hersteller_name) values (53, 'Adesto Technologies Corporation');
insert into hersteller (hersteller_id, hersteller_name) values (54, 'Insperity, Inc.');
insert into hersteller (hersteller_id, hersteller_name) values (55, 'Cohen & Steers Closed-End Opportunity Fund, Inc.');
insert into hersteller (hersteller_id, hersteller_name) values (56, 'OpGen, Inc.');
insert into hersteller (hersteller_id, hersteller_name) values (57, 'Noble Energy Inc.');
insert into hersteller (hersteller_id, hersteller_name) values (58, 'The Joint Corp.');
insert into hersteller (hersteller_id, hersteller_name) values (59, 'Noble Midstream Partners LP');
insert into hersteller (hersteller_id, hersteller_name) values (60, 'Tanger Factory Outlet Centers, Inc.');
insert into hersteller (hersteller_id, hersteller_name) values (61, 'Axis Capital Holdings Limited');
insert into hersteller (hersteller_id, hersteller_name) values (62, 'Saban Capital Acquisition Corp.');
insert into hersteller (hersteller_id, hersteller_name) values (63, 'Allied World Assurance Company Holdings, AG');
insert into hersteller (hersteller_id, hersteller_name) values (64, 'CHS Inc');
insert into hersteller (hersteller_id, hersteller_name) values (65, 'Energy Transfer Equity, L.P.');
insert into hersteller (hersteller_id, hersteller_name) values (66, 'Harley-Davidson, Inc.');
insert into hersteller (hersteller_id, hersteller_name) values (67, 'JetBlue Airways Corporation');
insert into hersteller (hersteller_id, hersteller_name) values (68, 'Amarin Corporation plc');
insert into hersteller (hersteller_id, hersteller_name) values (69, 'Ascent Capital Group, Inc.');
insert into hersteller (hersteller_id, hersteller_name) values (70, 'TRACON Pharmaceuticals, Inc.');
insert into hersteller (hersteller_id, hersteller_name) values (71, 'Transdigm Group Incorporated');
insert into hersteller (hersteller_id, hersteller_name) values (72, 'Celgene Corporation');
insert into hersteller (hersteller_id, hersteller_name) values (73, 'Facebook, Inc.');
insert into hersteller (hersteller_id, hersteller_name) values (74, 'Xylem Inc.');
insert into hersteller (hersteller_id, hersteller_name) values (75, 'BRF S.A.');
insert into hersteller (hersteller_id, hersteller_name) values (76, 'Patriot Transportation Holding, Inc.');
insert into hersteller (hersteller_id, hersteller_name) values (77, 'Dun & Bradstreet Corporation (The)');
insert into hersteller (hersteller_id, hersteller_name) values (78, 'Washington Federal, Inc.');
insert into hersteller (hersteller_id, hersteller_name) values (79, 'Independence Holding Company');
insert into hersteller (hersteller_id, hersteller_name) values (80, 'STORE Capital Corporation');
insert into hersteller (hersteller_id, hersteller_name) values (81, 'Bank of America Corporation');
insert into hersteller (hersteller_id, hersteller_name) values (82, 'Guggenheim Taxable Municipal Managed Duration Trst');
insert into hersteller (hersteller_id, hersteller_name) values (83, 'Optical Cable Corporation');
insert into hersteller (hersteller_id, hersteller_name) values (84, 'Aviragen Therapeutics, Inc.');
insert into hersteller (hersteller_id, hersteller_name) values (85, 'WellCare Health Plans, Inc.');
insert into hersteller (hersteller_id, hersteller_name) values (86, 'Federated Premier Municipal Income Fund');
insert into hersteller (hersteller_id, hersteller_name) values (87, 'Boston Properties, Inc.');
insert into hersteller (hersteller_id, hersteller_name) values (88, 'IntriCon Corporation');
insert into hersteller (hersteller_id, hersteller_name) values (89, 'Primo Water Corporation');
insert into hersteller (hersteller_id, hersteller_name) values (90, 'People&#39;s United Financial, Inc.');
insert into hersteller (hersteller_id, hersteller_name) values (91, 'Inseego Corp.');
insert into hersteller (hersteller_id, hersteller_name) values (92, 'DLH Holdings Corp.');
insert into hersteller (hersteller_id, hersteller_name) values (93, 'Medley Management Inc.');
insert into hersteller (hersteller_id, hersteller_name) values (94, 'Key Technology, Inc.');
insert into hersteller (hersteller_id, hersteller_name) values (95, 'Four Corners Property Trust, Inc.');
insert into hersteller (hersteller_id, hersteller_name) values (96, 'Acushnet Holdings Corp.');
insert into hersteller (hersteller_id, hersteller_name) values (97, 'WisdomTree Negative Duration High Yield Bond Fund');
insert into hersteller (hersteller_id, hersteller_name) values (98, 'Global Ship Lease, Inc.');
insert into hersteller (hersteller_id, hersteller_name) values (99, 'Piper Jaffray Companies');
insert into hersteller (hersteller_id, hersteller_name) values (100, 'Niagara Mohawk Holdings, Inc.');

insert into rolle (rolle_id, rolle_name) values (1, 'Frontend developer');
insert into rolle (rolle_id, rolle_name) values (2, 'Backend developer');
insert into rolle (rolle_id, rolle_name) values (3, 'Accountant');
insert into rolle (rolle_id, rolle_name) values (4, 'Sales Specialist');
insert into rolle (rolle_id, rolle_name) values (5, 'Internal Auditor');
insert into rolle (rolle_id, rolle_name) values (6, 'Compensation Analyst');
insert into rolle (rolle_id, rolle_name) values (7, 'Stock-keeper');
insert into rolle (rolle_id, rolle_name) values (8, 'Courier');
insert into rolle (rolle_id, rolle_name) values (9, 'Financial Analyst');
insert into rolle (rolle_id, rolle_name) values (10, '2nd level Support');
insert into rolle (rolle_id, rolle_name) values (11, '1st level Support');
insert into rolle (rolle_id, rolle_name) values (12, 'Help Desk Technician');
insert into rolle (rolle_id, rolle_name) values (13, 'Technician');
insert into rolle (rolle_id, rolle_name) values (14, 'Buyer Specialist');
insert into rolle (rolle_id, rolle_name) values (15, 'Manager');
insert into rolle (rolle_id, rolle_name) values (16, 'Salesman');
insert into rolle (rolle_id, rolle_name) values (17, 'Caschier');
insert into rolle (rolle_id, rolle_name) values (18, 'Desk clerk');
insert into rolle (rolle_id, rolle_name) values (19, 'Assistent');
insert into rolle (rolle_id, rolle_name) values (20, 'Cleaner');
insert into rolle (rolle_id, rolle_name) values (21, 'Wrapper');

insert into hobby (hobby_id, hobby_name) values (1, 'Basketball');
insert into hobby (hobby_id, hobby_name) values (2, 'Football');
insert into hobby (hobby_id, hobby_name) values (3, 'Web Surfing');
insert into hobby (hobby_id, hobby_name) values (4, 'Drawing');
insert into hobby (hobby_id, hobby_name) values (5, 'Bodybuilding');
insert into hobby (hobby_id, hobby_name) values (6, 'Fitness');
insert into hobby (hobby_id, hobby_name) values (7, 'Bike');
insert into hobby (hobby_id, hobby_name) values (8, 'Swiming');
insert into hobby (hobby_id, hobby_name) values (9, 'Skiing');
insert into hobby (hobby_id, hobby_name) values (10, 'Snowboarding');
insert into hobby (hobby_id, hobby_name) values (11, 'Reading');
insert into hobby (hobby_id, hobby_name) values (12, 'Sport watching');
insert into hobby (hobby_id, hobby_name) values (13, 'Movies Watching');
insert into hobby (hobby_id, hobby_name) values (14, 'Horse Riding');
insert into hobby (hobby_id, hobby_name) values (15, 'Hill climbing');
insert into hobby (hobby_id, hobby_name) values (16, 'Running');
insert into hobby (hobby_id, hobby_name) values (17, 'Scuba diving');
insert into hobby (hobby_id, hobby_name) values (18, 'Sky diving');
insert into hobby (hobby_id, hobby_name) values (19, 'Traveling');
insert into hobby (hobby_id, hobby_name) values (20, 'Guitar playing');
insert into hobby (hobby_id, hobby_name) values (21, 'House cleaning');
insert into hobby (hobby_id, hobby_name) values (22, 'Tales writing');
insert into hobby (hobby_id, hobby_name) values (23, 'Singing');
insert into hobby (hobby_id, hobby_name) values (24, 'Hiking');
insert into hobby (hobby_id, hobby_name) values (25, 'Games playing');
insert into hobby (hobby_id, hobby_name) values (26, 'Skating');
insert into hobby (hobby_id, hobby_name) values (27, 'Hockey');
insert into hobby (hobby_id, hobby_name) values (28, 'Painting');
insert into hobby (hobby_id, hobby_name) values (29, 'Cooking');
insert into hobby (hobby_id, hobby_name) values (30, 'Baking');

insert into abteilung (abteilung_id, abteilung_name) values (1, 'Human Resources');
insert into abteilung (abteilung_id, abteilung_name) values (2, 'Marketing');
insert into abteilung (abteilung_id, abteilung_name) values (3, 'Accounting');
insert into abteilung (abteilung_id, abteilung_name) values (4, 'Financial');
insert into abteilung (abteilung_id, abteilung_name) values (5, 'Research and Development');
insert into abteilung (abteilung_id, abteilung_name) values (6, 'Support');
insert into abteilung (abteilung_id, abteilung_name) values (7, 'Technical Staff');
insert into abteilung (abteilung_id, abteilung_name) values (8, 'Business Development');
insert into abteilung (abteilung_id, abteilung_name) values (9, 'Sales');
insert into abteilung (abteilung_id, abteilung_name) values (10, 'Transport');
insert into abteilung (abteilung_id, abteilung_name) values (11, 'Storage');

insert into person (person_personalnr, person_vorname, person_nachname, person_geschlecht, person_geburtsdatum, person_email, person_rolle_id) values (1, 'Brear', 'Twentyman', 'Female', '2017-12-18', 'btwentyman0@archive.org', 21);
insert into person (person_personalnr, person_vorname, person_nachname, person_geschlecht, person_geburtsdatum, person_email, person_rolle_id) values (2, 'Maurizio', 'Jarrard', 'Male', '2000-10-13', 'mjarrard1@thetimes.co.uk', 16);
insert into person (person_personalnr, person_vorname, person_nachname, person_geschlecht, person_geburtsdatum, person_email, person_rolle_id) values (3, 'Pablo', 'Kopta', 'Male', '1997-3-15', 'pkopta2@marketwatch.com', 17);
insert into person (person_personalnr, person_vorname, person_nachname, person_geschlecht, person_geburtsdatum, person_email, person_rolle_id) values (4, 'Dodie', 'Cran', 'Female', '1983-11-3', 'dcran3@cocolog-nifty.com', 5);
insert into person (person_personalnr, person_vorname, person_nachname, person_geschlecht, person_geburtsdatum, person_email, person_rolle_id) values (5, 'Georgeta', 'Adaway', 'Female', '1975-2-15', 'gadaway4@plala.or.jp', 19);
insert into person (person_personalnr, person_vorname, person_nachname, person_geschlecht, person_geburtsdatum, person_email, person_rolle_id) values (6, 'Alejoa', 'Dreelan', 'Male', '1988-7-24', 'adreelan5@huffingtonpost.com', 11);
insert into person (person_personalnr, person_vorname, person_nachname, person_geschlecht, person_geburtsdatum, person_email, person_rolle_id) values (7, 'Bryon', 'Poulton', 'Male', '1981-8-27', 'bpoulton6@mozilla.org', 1);
insert into person (person_personalnr, person_vorname, person_nachname, person_geschlecht, person_geburtsdatum, person_email, person_rolle_id) values (8, 'Isador', 'Gallie', 'Male', '1997-12-2', 'igallie7@wikispaces.com', 3);
insert into person (person_personalnr, person_vorname, person_nachname, person_geschlecht, person_geburtsdatum, person_email, person_rolle_id) values (9, 'Danny', 'Sans', 'Male', '1975-12-23', 'dsans8@narod.ru', 19);
insert into person (person_personalnr, person_vorname, person_nachname, person_geschlecht, person_geburtsdatum, person_email, person_rolle_id) values (10, 'Tailor', 'Worley', 'Male', '1979-1-12', 'tworley9@meetup.com', 14);
insert into person (person_personalnr, person_vorname, person_nachname, person_geschlecht, person_geburtsdatum, person_email, person_rolle_id) values (11, 'Eli', 'Conniam', 'Male', '1975-7-29', 'econniama@google.com.br', 14);
insert into person (person_personalnr, person_vorname, person_nachname, person_geschlecht, person_geburtsdatum, person_email, person_rolle_id) values (12, 'Zelig', 'Carson', 'Male', '1998-1-5', 'zcarsonb@pinterest.com', 9);
insert into person (person_personalnr, person_vorname, person_nachname, person_geschlecht, person_geburtsdatum, person_email, person_rolle_id) values (13, 'Ewan', 'Harte', 'Male', '1999-12-4', 'ehartec@dion.ne.jp', 9);
insert into person (person_personalnr, person_vorname, person_nachname, person_geschlecht, person_geburtsdatum, person_email, person_rolle_id) values (14, 'Marylou', 'Playford', 'Female', '1972-11-25', 'mplayfordd@mozilla.com', 6);
insert into person (person_personalnr, person_vorname, person_nachname, person_geschlecht, person_geburtsdatum, person_email, person_rolle_id) values (15, 'Carena', 'Dineen', 'Female', '1990-9-4', 'cdineene@omniture.com', 17);
insert into person (person_personalnr, person_vorname, person_nachname, person_geschlecht, person_geburtsdatum, person_email, person_rolle_id) values (16, 'Deanna', 'Sumshon', 'Female', '1984-10-5', 'dsumshonf@engadget.com', 11);
insert into person (person_personalnr, person_vorname, person_nachname, person_geschlecht, person_geburtsdatum, person_email, person_rolle_id) values (17, 'Lowe', 'Corlett', 'Male', '1985-10-26', 'lcorlettg@newsvine.com', 8);
insert into person (person_personalnr, person_vorname, person_nachname, person_geschlecht, person_geburtsdatum, person_email, person_rolle_id) values (18, 'Celestyn', 'Panas', 'Female', '1974-10-24', 'cpanash@scribd.com', 13);
insert into person (person_personalnr, person_vorname, person_nachname, person_geschlecht, person_geburtsdatum, person_email, person_rolle_id) values (19, 'Sheffield', 'Thomsson', 'Male', '1976-2-10', 'sthomssoni@51.la', 8);
insert into person (person_personalnr, person_vorname, person_nachname, person_geschlecht, person_geburtsdatum, person_email, person_rolle_id) values (20, 'Tallia', 'Townsend', 'Female', '1996-10-28', 'ttownsendj@scientificamerican.com', 9);
insert into person (person_personalnr, person_vorname, person_nachname, person_geschlecht, person_geburtsdatum, person_email, person_rolle_id) values (21, 'Janeta', 'Sloam', 'Female', '1991-7-20', 'jsloamk@mashable.com', 8);
insert into person (person_personalnr, person_vorname, person_nachname, person_geschlecht, person_geburtsdatum, person_email, person_rolle_id) values (22, 'Enrique', 'Hannent', 'Male', '1980-1-15', 'ehannentl@networkadvertising.org', 3);
insert into person (person_personalnr, person_vorname, person_nachname, person_geschlecht, person_geburtsdatum, person_email, person_rolle_id) values (23, 'Wileen', 'Hansman', 'Female', '1972-1-27', 'whansmanm@icq.com', 13);
insert into person (person_personalnr, person_vorname, person_nachname, person_geschlecht, person_geburtsdatum, person_email, person_rolle_id) values (24, 'Kennedy', 'Philimore', 'Male', '1972-10-25', 'kphilimoren@ted.com', 11);
insert into person (person_personalnr, person_vorname, person_nachname, person_geschlecht, person_geburtsdatum, person_email, person_rolle_id) values (25, 'Ansel', 'Horche', 'Male', '1983-5-22', 'ahorcheo@paginegialle.it', 19);
insert into person (person_personalnr, person_vorname, person_nachname, person_geschlecht, person_geburtsdatum, person_email, person_rolle_id) values (26, 'Eugenio', 'Wetherill', 'Male', '1997-9-20', 'ewetherillp@php.net', 19);
insert into person (person_personalnr, person_vorname, person_nachname, person_geschlecht, person_geburtsdatum, person_email, person_rolle_id) values (27, 'Catherine', 'Cawthron', 'Female', '1982-6-5', 'ccawthronq@diigo.com', 4);
insert into person (person_personalnr, person_vorname, person_nachname, person_geschlecht, person_geburtsdatum, person_email, person_rolle_id) values (28, 'Tessi', 'Caudray', 'Female', '1981-1-28', 'tcaudrayr@go.com', 16);
insert into person (person_personalnr, person_vorname, person_nachname, person_geschlecht, person_geburtsdatum, person_email, person_rolle_id) values (29, 'Novelia', 'Frye', 'Female', '1982-6-8', 'nfryes@biglobe.ne.jp', 10);
insert into person (person_personalnr, person_vorname, person_nachname, person_geschlecht, person_geburtsdatum, person_email, person_rolle_id) values (30, 'Kaylil', 'Greenshiels', 'Female', '1983-8-31', 'kgreenshielst@acquirethisname.com', 12);
insert into person (person_personalnr, person_vorname, person_nachname, person_geschlecht, person_geburtsdatum, person_email, person_rolle_id) values (31, 'Hinze', 'Thomann', 'Male', '1977-1-29', 'hthomannu@de.vu', 15);
insert into person (person_personalnr, person_vorname, person_nachname, person_geschlecht, person_geburtsdatum, person_email, person_rolle_id) values (32, 'Jakie', 'Guyan', 'Male', '1979-8-10', 'jguyanv@reference.com', 18);
insert into person (person_personalnr, person_vorname, person_nachname, person_geschlecht, person_geburtsdatum, person_email, person_rolle_id) values (33, 'Dalila', 'MacCallum', 'Female', '1970-1-2', 'dmaccallumw@adobe.com', 19);
insert into person (person_personalnr, person_vorname, person_nachname, person_geschlecht, person_geburtsdatum, person_email, person_rolle_id) values (34, 'Nichole', 'Somerton', 'Male', '1981-3-15', 'nsomertonx@dailymail.co.uk', 15);
insert into person (person_personalnr, person_vorname, person_nachname, person_geschlecht, person_geburtsdatum, person_email, person_rolle_id) values (35, 'Edin', 'Biernacki', 'Female', '1995-8-27', 'ebiernackiy@nytimes.com', 16);
insert into person (person_personalnr, person_vorname, person_nachname, person_geschlecht, person_geburtsdatum, person_email, person_rolle_id) values (36, 'Nettle', 'Hukin', 'Female', '1979-6-11', 'nhukinz@privacy.gov.au', 10);
insert into person (person_personalnr, person_vorname, person_nachname, person_geschlecht, person_geburtsdatum, person_email, person_rolle_id) values (37, 'Dewain', 'Crampsey', 'Male', '1989-8-25', 'dcrampsey10@webnode.com', 11);
insert into person (person_personalnr, person_vorname, person_nachname, person_geschlecht, person_geburtsdatum, person_email, person_rolle_id) values (38, 'Burton', 'Littlecote', 'Male', '1995-8-18', 'blittlecote11@ameblo.jp', 17);
insert into person (person_personalnr, person_vorname, person_nachname, person_geschlecht, person_geburtsdatum, person_email, person_rolle_id) values (39, 'Phylys', 'Collyer', 'Female', '1999-8-26', 'pcollyer12@canalblog.com', 7);
insert into person (person_personalnr, person_vorname, person_nachname, person_geschlecht, person_geburtsdatum, person_email, person_rolle_id) values (40, 'Lyda', 'Criple', 'Female', '1998-10-24', 'lcriple13@netvibes.com', 10);

insert into account (account_id , account_username, account_erstelldatum, account_passwort, account_person_personalnr) values (1, 'mwaddams0', '2017-12-18 12:00:00', '3IOLe9mSc0H', 1);
insert into account (account_id , account_username, account_erstelldatum, account_passwort, account_person_personalnr) values (2, 'caveson1', '2017-12-18 12:00:00', 'qc9DEQ', 2);
insert into account (account_id , account_username, account_erstelldatum, account_passwort, account_person_personalnr) values (3, 'rtomicki2', '2017-12-18 12:00:00', '28Aols', 3);
insert into account (account_id , account_username, account_erstelldatum, account_passwort, account_person_personalnr) values (4, 'gmilbourne3', '2017-12-18 12:00:00', 'ACbOcP0A1eVR', 4);
insert into account (account_id , account_username, account_erstelldatum, account_passwort, account_person_personalnr) values (5, 'cgietz4', '2017-12-18 12:00:00', 'KrCNPLCGTG', 5);
insert into account (account_id , account_username, account_erstelldatum, account_passwort, account_person_personalnr) values (6, 'cewin5', '2017-12-18 12:00:00', '6d35rc', 6);
insert into account (account_id , account_username, account_erstelldatum, account_passwort, account_person_personalnr) values (7, 'lolyonov6', '2017-12-18 12:00:00', 'j5GekWxrxRJ', 7);
insert into account (account_id , account_username, account_erstelldatum, account_passwort, account_person_personalnr) values (8, 'mbasketter7', '2017-12-18 12:00:00', 'anQ8rzukjx2C', 8);
insert into account (account_id , account_username, account_erstelldatum, account_passwort, account_person_personalnr) values (9, 'fkivell8', '2017-12-18 12:00:00', 'bYvqHVsCI', 9);
insert into account (account_id , account_username, account_erstelldatum, account_passwort, account_person_personalnr) values (10, 'lwinspurr9', '2017-12-18 12:00:00', 'gErvTQ2s', 10);
insert into account (account_id , account_username, account_erstelldatum, account_passwort, account_person_personalnr) values (11, 'cbachmanna', '2017-12-18 12:00:00', '0NwpFwza', 11);
insert into account (account_id , account_username, account_erstelldatum, account_passwort, account_person_personalnr) values (12, 'rquantickb', '2017-12-18 12:00:00', '1KS4uZECaVeo', 12);
insert into account (account_id , account_username, account_erstelldatum, account_passwort, account_person_personalnr) values (13, 'sganleyc', '2017-12-18 12:00:00', 'XZEJqHy', 13);
insert into account (account_id , account_username, account_erstelldatum, account_passwort, account_person_personalnr) values (14, 'coliverpaulld', '2017-12-18 12:00:00', '5HYTnWsAhS', 14);
insert into account (account_id , account_username, account_erstelldatum, account_passwort, account_person_personalnr) values (15, 'bentisslee', '2017-12-18 12:00:00', 'STjmlMqj', 15);
insert into account (account_id , account_username, account_erstelldatum, account_passwort, account_person_personalnr) values (16, 'mjohannf', '2017-12-18 12:00:00', '7IHVtq', 16);
insert into account (account_id , account_username, account_erstelldatum, account_passwort, account_person_personalnr) values (17, 'lcroneg', '2017-12-18 12:00:00', '3HtymlYGvPW9', 17);
insert into account (account_id , account_username, account_erstelldatum, account_passwort, account_person_personalnr) values (18, 'cmalamoreh', '2017-12-18 12:00:00', 'gaLNf2dxndEc', 18);
insert into account (account_id , account_username, account_erstelldatum, account_passwort, account_person_personalnr) values (19, 'cvandrieli', '2017-12-18 12:00:00', 'aJjON9Vbl08', 19);
insert into account (account_id , account_username, account_erstelldatum, account_passwort, account_person_personalnr) values (20, 'moldacrej', '2017-12-18 12:00:00', 'sAQW4C', 20);
insert into account (account_id , account_username, account_erstelldatum, account_passwort, account_person_personalnr) values (21, 'fbessetk', '2017-12-18 12:00:00', 'dhUZ66Ps', 21);
insert into account (account_id , account_username, account_erstelldatum, account_passwort, account_person_personalnr) values (22, 'rcurrml', '2017-12-18 12:00:00', 'xmLzxa3', 22);
insert into account (account_id , account_username, account_erstelldatum, account_passwort, account_person_personalnr) values (23, 'iheightonm', '2017-12-18 12:00:00', 'dji3GtB', 23);
insert into account (account_id , account_username, account_erstelldatum, account_passwort, account_person_personalnr) values (24, 'mmardalln', '2017-12-18 12:00:00', 'uCvQ0CVo', 24);
insert into account (account_id , account_username, account_erstelldatum, account_passwort, account_person_personalnr) values (25, 'gheightono', '2017-12-18 12:00:00', 'yQ39HZ', 25);
insert into account (account_id , account_username, account_erstelldatum, account_passwort, account_person_personalnr) values (26, 'gphillipsp', '2017-12-18 12:00:00', '2dQPUZsnpx', 26);
insert into account (account_id , account_username, account_erstelldatum, account_passwort, account_person_personalnr) values (27, 'hmckewq', '2017-12-18 12:00:00', 'OiNQ1gq8u8zj', 27);
insert into account (account_id , account_username, account_erstelldatum, account_passwort, account_person_personalnr) values (28, 'pfreeberner', '2017-12-18 12:00:00', 'daOtHe', 28);
insert into account (account_id , account_username, account_erstelldatum, account_passwort, account_person_personalnr) values (29, 'cmcgorleys', '2017-12-18 12:00:00', '5FshPA9wFWz', 29);
insert into account (account_id , account_username, account_erstelldatum, account_passwort, account_person_personalnr) values (30, 'emacgibbont', '2017-12-18 12:00:00', '0KAzCc9RHWz', 30);
insert into account (account_id , account_username, account_erstelldatum, account_passwort, account_person_personalnr) values (31, 'jjessardu', '2017-12-18 12:00:00', 'Zhe82wUYG', 31);
insert into account (account_id , account_username, account_erstelldatum, account_passwort, account_person_personalnr) values (32, 'ohirthv', '2017-12-18 12:00:00', 'ZiTYU4V', 32);
insert into account (account_id , account_username, account_erstelldatum, account_passwort, account_person_personalnr) values (33, 'tmickleburghw', '2017-12-18 12:00:00', 'nDFS4K', 33);
insert into account (account_id , account_username, account_erstelldatum, account_passwort, account_person_personalnr) values (34, 'whaversx', '2017-12-18 12:00:00', 'ZrSAxkr6', 34);
insert into account (account_id , account_username, account_erstelldatum, account_passwort, account_person_personalnr) values (35, 'ojelfy', '2017-12-18 12:00:00', 'i42FwwN2F8eM', 35);
insert into account (account_id , account_username, account_erstelldatum, account_passwort, account_person_personalnr) values (36, 'hpretsellz', '2017-12-18 12:00:00', 'fiHzI06s2P', 36);
insert into account (account_id , account_username, account_erstelldatum, account_passwort, account_person_personalnr) values (37, 'fgrane10', '2017-12-18 12:00:00', 'NvKbi2bYym', 37);
insert into account (account_id , account_username, account_erstelldatum, account_passwort, account_person_personalnr) values (38, 'rmelarkey11', '2017-12-18 12:00:00', 'RpvMIew0Dz0o', 38);
insert into account (account_id , account_username, account_erstelldatum, account_passwort, account_person_personalnr) values (39, 'amcane12', '2017-12-18 12:00:00', 'jch8fyNzh9A', 39);
insert into account (account_id , account_username, account_erstelldatum, account_passwort, account_person_personalnr) values (40, 'mwithey13', '2017-12-18 12:00:00', 'i5FaxF', 40);

insert into bestellung (bestellung_id, bestellung_bestellzeitpunkt, bestellung_lieferdatum, bestellung_summe, bestellung_account_id) values (1, '4:28', '2016-5-10', 80, 35);
insert into bestellung (bestellung_id, bestellung_bestellzeitpunkt, bestellung_lieferdatum, bestellung_summe, bestellung_account_id) values (2, '4:50', '2015-7-28', 69, 2);
insert into bestellung (bestellung_id, bestellung_bestellzeitpunkt, bestellung_lieferdatum, bestellung_summe, bestellung_account_id) values (3, '15:24', '2017-8-25', 174, 28);
insert into bestellung (bestellung_id, bestellung_bestellzeitpunkt, bestellung_lieferdatum, bestellung_summe, bestellung_account_id) values (4, '11:51', '2016-11-30', 248, 1);
insert into bestellung (bestellung_id, bestellung_bestellzeitpunkt, bestellung_lieferdatum, bestellung_summe, bestellung_account_id) values (5, '0:44', '2014-2-6', 269, 27);
insert into bestellung (bestellung_id, bestellung_bestellzeitpunkt, bestellung_lieferdatum, bestellung_summe, bestellung_account_id) values (6, '12:46', '2016-7-11', 221, 1);
insert into bestellung (bestellung_id, bestellung_bestellzeitpunkt, bestellung_lieferdatum, bestellung_summe, bestellung_account_id) values (7, '3:16', '2017-8-29', 87, 24);
insert into bestellung (bestellung_id, bestellung_bestellzeitpunkt, bestellung_lieferdatum, bestellung_summe, bestellung_account_id) values (8, '23:55', '2014-2-26', 286, 27);
insert into bestellung (bestellung_id, bestellung_bestellzeitpunkt, bestellung_lieferdatum, bestellung_summe, bestellung_account_id) values (9, '17:07', '2017-4-2', 295, 35);
insert into bestellung (bestellung_id, bestellung_bestellzeitpunkt, bestellung_lieferdatum, bestellung_summe, bestellung_account_id) values (10, '19:35', '2015-2-22', 81, 30);
insert into bestellung (bestellung_id, bestellung_bestellzeitpunkt, bestellung_lieferdatum, bestellung_summe, bestellung_account_id) values (11, '10:21', '2016-6-14', 94, 24);
insert into bestellung (bestellung_id, bestellung_bestellzeitpunkt, bestellung_lieferdatum, bestellung_summe, bestellung_account_id) values (12, '0:15', '2016-2-27', 179, 29);
insert into bestellung (bestellung_id, bestellung_bestellzeitpunkt, bestellung_lieferdatum, bestellung_summe, bestellung_account_id) values (13, '13:22', '2017-4-2-', 219, 32);
insert into bestellung (bestellung_id, bestellung_bestellzeitpunkt, bestellung_lieferdatum, bestellung_summe, bestellung_account_id) values (14, '17:56', '2014-2-3', 216, 39);
insert into bestellung (bestellung_id, bestellung_bestellzeitpunkt, bestellung_lieferdatum, bestellung_summe, bestellung_account_id) values (15, '12:59', '2017-1-6', 250, 32);
insert into bestellung (bestellung_id, bestellung_bestellzeitpunkt, bestellung_lieferdatum, bestellung_summe, bestellung_account_id) values (16, '19:59', '2017-7-20', 108, 10);
insert into bestellung (bestellung_id, bestellung_bestellzeitpunkt, bestellung_lieferdatum, bestellung_summe, bestellung_account_id) values (17, '9:17', '2017-9-24', 217, 9);
insert into bestellung (bestellung_id, bestellung_bestellzeitpunkt, bestellung_lieferdatum, bestellung_summe, bestellung_account_id) values (18, '1:42', '2014-5-11', 296, 31);
insert into bestellung (bestellung_id, bestellung_bestellzeitpunkt, bestellung_lieferdatum, bestellung_summe, bestellung_account_id) values (19, '10:27', '2014-4-18', 270, 17);
insert into bestellung (bestellung_id, bestellung_bestellzeitpunkt, bestellung_lieferdatum, bestellung_summe, bestellung_account_id) values (20, '16:53', '2017-9-7', 144, 19);
insert into bestellung (bestellung_id, bestellung_bestellzeitpunkt, bestellung_lieferdatum, bestellung_summe, bestellung_account_id) values (21, '10:05', '2015-12-6', 188, 3);
insert into bestellung (bestellung_id, bestellung_bestellzeitpunkt, bestellung_lieferdatum, bestellung_summe, bestellung_account_id) values (22, '2:20', '2017-12-6', 224, 19);
insert into bestellung (bestellung_id, bestellung_bestellzeitpunkt, bestellung_lieferdatum, bestellung_summe, bestellung_account_id) values (23, '15:59', '2017-12-29', 294, 11);
insert into bestellung (bestellung_id, bestellung_bestellzeitpunkt, bestellung_lieferdatum, bestellung_summe, bestellung_account_id) values (24, '21:17', '2015-6-9', 284, 38);
insert into bestellung (bestellung_id, bestellung_bestellzeitpunkt, bestellung_lieferdatum, bestellung_summe, bestellung_account_id) values (25, '22:30', '2017-12-13', 297, 12);
insert into bestellung (bestellung_id, bestellung_bestellzeitpunkt, bestellung_lieferdatum, bestellung_summe, bestellung_account_id) values (26, '20:19', '2016-2-17', 211, 13);
insert into bestellung (bestellung_id, bestellung_bestellzeitpunkt, bestellung_lieferdatum, bestellung_summe, bestellung_account_id) values (27, '11:42', '2016-10-29', 247, 25);
insert into bestellung (bestellung_id, bestellung_bestellzeitpunkt, bestellung_lieferdatum, bestellung_summe, bestellung_account_id) values (28, '4:49', '2014-5-1', 275, 32);
insert into bestellung (bestellung_id, bestellung_bestellzeitpunkt, bestellung_lieferdatum, bestellung_summe, bestellung_account_id) values (29, '23:55', '2014-5-23', 143, 3);
insert into bestellung (bestellung_id, bestellung_bestellzeitpunkt, bestellung_lieferdatum, bestellung_summe, bestellung_account_id) values (30, '12:28', '2015-12-17', 240, 31);
insert into bestellung (bestellung_id, bestellung_bestellzeitpunkt, bestellung_lieferdatum, bestellung_summe, bestellung_account_id) values (31, '4:27', '2017-12-2', 299, 32);
insert into bestellung (bestellung_id, bestellung_bestellzeitpunkt, bestellung_lieferdatum, bestellung_summe, bestellung_account_id) values (32, '11:19', '2014-1-14', 60, 18);
insert into bestellung (bestellung_id, bestellung_bestellzeitpunkt, bestellung_lieferdatum, bestellung_summe, bestellung_account_id) values (33, '7:19', '2016-10-23', 287, 21);
insert into bestellung (bestellung_id, bestellung_bestellzeitpunkt, bestellung_lieferdatum, bestellung_summe, bestellung_account_id) values (34, '7:11', '2014-12-22', 252, 6);
insert into bestellung (bestellung_id, bestellung_bestellzeitpunkt, bestellung_lieferdatum, bestellung_summe, bestellung_account_id) values (35, '18:43', '2015-2-2', 222, 16);
insert into bestellung (bestellung_id, bestellung_bestellzeitpunkt, bestellung_lieferdatum, bestellung_summe, bestellung_account_id) values (36, '7:06', '2017-3-23', 185, 36);
insert into bestellung (bestellung_id, bestellung_bestellzeitpunkt, bestellung_lieferdatum, bestellung_summe, bestellung_account_id) values (37, '16:57', '2017-10-8', 228, 26);
insert into bestellung (bestellung_id, bestellung_bestellzeitpunkt, bestellung_lieferdatum, bestellung_summe, bestellung_account_id) values (38, '5:51', '2016-8-3', 87, 12);
insert into bestellung (bestellung_id, bestellung_bestellzeitpunkt, bestellung_lieferdatum, bestellung_summe, bestellung_account_id) values (39, '14:35', '2014-3-25', 134, 10);
insert into bestellung (bestellung_id, bestellung_bestellzeitpunkt, bestellung_lieferdatum, bestellung_summe, bestellung_account_id) values (40, '21:49', '2014-6-21', 154, 38);
insert into bestellung (bestellung_id, bestellung_bestellzeitpunkt, bestellung_lieferdatum, bestellung_summe, bestellung_account_id) values (41, '2:10', '2016-12-6', 298, 27);
insert into bestellung (bestellung_id, bestellung_bestellzeitpunkt, bestellung_lieferdatum, bestellung_summe, bestellung_account_id) values (42, '22:15', '2017-9-15', 142, 14);
insert into bestellung (bestellung_id, bestellung_bestellzeitpunkt, bestellung_lieferdatum, bestellung_summe, bestellung_account_id) values (43, '2:06', '2016-2-11', 237, 17);
insert into bestellung (bestellung_id, bestellung_bestellzeitpunkt, bestellung_lieferdatum, bestellung_summe, bestellung_account_id) values (44, '10:03', '2015-7-13', 95, 12);
insert into bestellung (bestellung_id, bestellung_bestellzeitpunkt, bestellung_lieferdatum, bestellung_summe, bestellung_account_id) values (45, '17:58', '2014-3-27', 175, 5);
insert into bestellung (bestellung_id, bestellung_bestellzeitpunkt, bestellung_lieferdatum, bestellung_summe, bestellung_account_id) values (46, '18:20', '2017-4-28', 281, 15);
insert into bestellung (bestellung_id, bestellung_bestellzeitpunkt, bestellung_lieferdatum, bestellung_summe, bestellung_account_id) values (47, '4:43', '2016-6-27', 138, 31);
insert into bestellung (bestellung_id, bestellung_bestellzeitpunkt, bestellung_lieferdatum, bestellung_summe, bestellung_account_id) values (48, '3:56', '2014-6-23', 161, 6);
insert into bestellung (bestellung_id, bestellung_bestellzeitpunkt, bestellung_lieferdatum, bestellung_summe, bestellung_account_id) values (49, '3:29', '2017-10-20', 268, 38);
insert into bestellung (bestellung_id, bestellung_bestellzeitpunkt, bestellung_lieferdatum, bestellung_summe, bestellung_account_id) values (50, '10:41', '2018-1-1', 119, 38);
insert into bestellung (bestellung_id, bestellung_bestellzeitpunkt, bestellung_lieferdatum, bestellung_summe, bestellung_account_id) values (51, '16:15', '2014-9-8', 71, 38);
insert into bestellung (bestellung_id, bestellung_bestellzeitpunkt, bestellung_lieferdatum, bestellung_summe, bestellung_account_id) values (52, '12:35', '2016-4-2', 235, 11);
insert into bestellung (bestellung_id, bestellung_bestellzeitpunkt, bestellung_lieferdatum, bestellung_summe, bestellung_account_id) values (53, '10:53', '2014-9-1', 291, 19);
insert into bestellung (bestellung_id, bestellung_bestellzeitpunkt, bestellung_lieferdatum, bestellung_summe, bestellung_account_id) values (54, '5:20', '2015-12-22', 229, 36);
insert into bestellung (bestellung_id, bestellung_bestellzeitpunkt, bestellung_lieferdatum, bestellung_summe, bestellung_account_id) values (55, '4:43', '2015-8-22', 262, 12);
insert into bestellung (bestellung_id, bestellung_bestellzeitpunkt, bestellung_lieferdatum, bestellung_summe, bestellung_account_id) values (56, '12:55', '2017-2-26', 109, 12);
insert into bestellung (bestellung_id, bestellung_bestellzeitpunkt, bestellung_lieferdatum, bestellung_summe, bestellung_account_id) values (57, '15:16', '2014-9-12', 98, 32);
insert into bestellung (bestellung_id, bestellung_bestellzeitpunkt, bestellung_lieferdatum, bestellung_summe, bestellung_account_id) values (58, '10:00', '2014-11-28', 159, 33);
insert into bestellung (bestellung_id, bestellung_bestellzeitpunkt, bestellung_lieferdatum, bestellung_summe, bestellung_account_id) values (59, '1:15', '2017-6-13', 131, 37);
insert into bestellung (bestellung_id, bestellung_bestellzeitpunkt, bestellung_lieferdatum, bestellung_summe, bestellung_account_id) values (60, '20:23', '2017-11-10', 274, 12);
insert into bestellung (bestellung_id, bestellung_bestellzeitpunkt, bestellung_lieferdatum, bestellung_summe, bestellung_account_id) values (61, '4:28', '2016-5-10', 80, 35);
insert into bestellung (bestellung_id, bestellung_bestellzeitpunkt, bestellung_lieferdatum, bestellung_summe, bestellung_account_id) values (62, '4:50', '2015-7-28', 69, 2);
insert into bestellung (bestellung_id, bestellung_bestellzeitpunkt, bestellung_lieferdatum, bestellung_summe, bestellung_account_id) values (63, '15:24', '2017-8-25', 174, 28);
insert into bestellung (bestellung_id, bestellung_bestellzeitpunkt, bestellung_lieferdatum, bestellung_summe, bestellung_account_id) values (64, '11:51', '2016-11-30', 248, 1);
insert into bestellung (bestellung_id, bestellung_bestellzeitpunkt, bestellung_lieferdatum, bestellung_summe, bestellung_account_id) values (65, '0:44', '2014-2-6', 269, 27);
insert into bestellung (bestellung_id, bestellung_bestellzeitpunkt, bestellung_lieferdatum, bestellung_summe, bestellung_account_id) values (66, '12:46', '2016-7-11', 221, 1);
insert into bestellung (bestellung_id, bestellung_bestellzeitpunkt, bestellung_lieferdatum, bestellung_summe, bestellung_account_id) values (67, '3:16', '2017-8-29', 87, 24);
insert into bestellung (bestellung_id, bestellung_bestellzeitpunkt, bestellung_lieferdatum, bestellung_summe, bestellung_account_id) values (68, '23:55', '2014-2-26', 286, 27);
insert into bestellung (bestellung_id, bestellung_bestellzeitpunkt, bestellung_lieferdatum, bestellung_summe, bestellung_account_id) values (69, '17:07', '2017-4-2', 295, 35);
insert into bestellung (bestellung_id, bestellung_bestellzeitpunkt, bestellung_lieferdatum, bestellung_summe, bestellung_account_id) values (70, '19:35', '2015-2-22', 81, 30);
insert into bestellung (bestellung_id, bestellung_bestellzeitpunkt, bestellung_lieferdatum, bestellung_summe, bestellung_account_id) values (71, '10:21', '2016-6-14', 94, 24);
insert into bestellung (bestellung_id, bestellung_bestellzeitpunkt, bestellung_lieferdatum, bestellung_summe, bestellung_account_id) values (72, '0:15', '2016-2-27', 179, 29);
insert into bestellung (bestellung_id, bestellung_bestellzeitpunkt, bestellung_lieferdatum, bestellung_summe, bestellung_account_id) values (73, '13:22', '2017-4-2', 219, 32);
insert into bestellung (bestellung_id, bestellung_bestellzeitpunkt, bestellung_lieferdatum, bestellung_summe, bestellung_account_id) values (74, '17:56', '2014-2-3', 216, 39);
insert into bestellung (bestellung_id, bestellung_bestellzeitpunkt, bestellung_lieferdatum, bestellung_summe, bestellung_account_id) values (75, '12:59', '2017-1-6', 250, 32);
insert into bestellung (bestellung_id, bestellung_bestellzeitpunkt, bestellung_lieferdatum, bestellung_summe, bestellung_account_id) values (76, '19:59', '2017-7-20', 108, 10);
insert into bestellung (bestellung_id, bestellung_bestellzeitpunkt, bestellung_lieferdatum, bestellung_summe, bestellung_account_id) values (77, '9:17', '2017-9-24', 217, 9);
insert into bestellung (bestellung_id, bestellung_bestellzeitpunkt, bestellung_lieferdatum, bestellung_summe, bestellung_account_id) values (78, '1:42', '2014-5-11', 296, 31);
insert into bestellung (bestellung_id, bestellung_bestellzeitpunkt, bestellung_lieferdatum, bestellung_summe, bestellung_account_id) values (79, '10:27', '2014-4-18', 270, 17);
insert into bestellung (bestellung_id, bestellung_bestellzeitpunkt, bestellung_lieferdatum, bestellung_summe, bestellung_account_id) values (80, '16:53', '2017-9-7', 144, 19);
insert into bestellung (bestellung_id, bestellung_bestellzeitpunkt, bestellung_lieferdatum, bestellung_summe, bestellung_account_id) values (81, '10:05', '201512-6', 188, 3);
insert into bestellung (bestellung_id, bestellung_bestellzeitpunkt, bestellung_lieferdatum, bestellung_summe, bestellung_account_id) values (82, '2:20', '2017-12-6', 224, 19);
insert into bestellung (bestellung_id, bestellung_bestellzeitpunkt, bestellung_lieferdatum, bestellung_summe, bestellung_account_id) values (83, '15:59', '2017-12-29', 294, 11);
insert into bestellung (bestellung_id, bestellung_bestellzeitpunkt, bestellung_lieferdatum, bestellung_summe, bestellung_account_id) values (84, '21:17', '2015-6-9', 284, 38);
insert into bestellung (bestellung_id, bestellung_bestellzeitpunkt, bestellung_lieferdatum, bestellung_summe, bestellung_account_id) values (85, '22:30', '2017-12-13', 297, 12);
insert into bestellung (bestellung_id, bestellung_bestellzeitpunkt, bestellung_lieferdatum, bestellung_summe, bestellung_account_id) values (86, '20:19', '2016-2-17', 211, 13);
insert into bestellung (bestellung_id, bestellung_bestellzeitpunkt, bestellung_lieferdatum, bestellung_summe, bestellung_account_id) values (87, '11:42', '2016-10-29', 247, 25);
insert into bestellung (bestellung_id, bestellung_bestellzeitpunkt, bestellung_lieferdatum, bestellung_summe, bestellung_account_id) values (88, '4:49', '2014-5-1', 275, 32);
insert into bestellung (bestellung_id, bestellung_bestellzeitpunkt, bestellung_lieferdatum, bestellung_summe, bestellung_account_id) values (89, '23:55', '2014-5-23', 143, 3);
insert into bestellung (bestellung_id, bestellung_bestellzeitpunkt, bestellung_lieferdatum, bestellung_summe, bestellung_account_id) values (90, '12:28', '2015-12-17', 240, 31);
insert into bestellung (bestellung_id, bestellung_bestellzeitpunkt, bestellung_lieferdatum, bestellung_summe, bestellung_account_id) values (91, '4:27', '2017-12-2', 299, 32);
insert into bestellung (bestellung_id, bestellung_bestellzeitpunkt, bestellung_lieferdatum, bestellung_summe, bestellung_account_id) values (92, '11:19', '2014-1-14', 60, 18);
insert into bestellung (bestellung_id, bestellung_bestellzeitpunkt, bestellung_lieferdatum, bestellung_summe, bestellung_account_id) values (93, '7:19', '2016-10-23', 287, 21);
insert into bestellung (bestellung_id, bestellung_bestellzeitpunkt, bestellung_lieferdatum, bestellung_summe, bestellung_account_id) values (94, '7:11', '2014-12-22', 252, 6);
insert into bestellung (bestellung_id, bestellung_bestellzeitpunkt, bestellung_lieferdatum, bestellung_summe, bestellung_account_id) values (95, '18:43', '2015-2-2', 222, 16);
insert into bestellung (bestellung_id, bestellung_bestellzeitpunkt, bestellung_lieferdatum, bestellung_summe, bestellung_account_id) values (96, '7:06', '2017-3-23', 185, 36);
insert into bestellung (bestellung_id, bestellung_bestellzeitpunkt, bestellung_lieferdatum, bestellung_summe, bestellung_account_id) values (97, '16:57', '2017-10-8', 228, 26);
insert into bestellung (bestellung_id, bestellung_bestellzeitpunkt, bestellung_lieferdatum, bestellung_summe, bestellung_account_id) values (98, '5:51', '2016-8-28', 87, 12);
insert into bestellung (bestellung_id, bestellung_bestellzeitpunkt, bestellung_lieferdatum, bestellung_summe, bestellung_account_id) values (99, '14:35', '2014-3-25', 134, 10);
insert into bestellung (bestellung_id, bestellung_bestellzeitpunkt, bestellung_lieferdatum, bestellung_summe, bestellung_account_id) values (100, '21:49', '2014-6-21', 154, 38);


insert into artikel (artikel_id, artikel_beschreibung, artikel_rest_menge, artikel_hersteller_id) values (1, 'Hemd MDK Blau', 140, 12);
insert into artikel (artikel_id, artikel_beschreibung, artikel_rest_menge, artikel_hersteller_id) values (2, 'Hemd MDK Rot', 197, 72);
insert into artikel (artikel_id, artikel_beschreibung, artikel_rest_menge, artikel_hersteller_id) values (3, 'Hemd Puppy Schwarz', 121, 1);
insert into artikel (artikel_id, artikel_beschreibung, artikel_rest_menge, artikel_hersteller_id) values (4, 'Hemd Lollipop Grau ', 61, 76);
insert into artikel (artikel_id, artikel_beschreibung, artikel_rest_menge, artikel_hersteller_id) values (5, 'T-shirt Lollipop Rot', 164, 90);
insert into artikel (artikel_id, artikel_beschreibung, artikel_rest_menge, artikel_hersteller_id) values (6, 'T-Shirt G&G Grün', 82, 42);
insert into artikel (artikel_id, artikel_beschreibung, artikel_rest_menge, artikel_hersteller_id) values (7, 'Hose LLK Blau', 77, 75);
insert into artikel (artikel_id, artikel_beschreibung, artikel_rest_menge, artikel_hersteller_id) values (8, 'Jacke Orientik Braun', 124, 94);
insert into artikel (artikel_id, artikel_beschreibung, artikel_rest_menge, artikel_hersteller_id) values (9, 'Mantel Schwarz gut geeignet fur schlechtes Wetter', 75, 44);
insert into artikel (artikel_id, artikel_beschreibung, artikel_rest_menge, artikel_hersteller_id) values (10, 'Mantel Bora Bora Blau', 165, 67);
insert into artikel (artikel_id, artikel_beschreibung, artikel_rest_menge, artikel_hersteller_id) values (11, 'Mantel L&L Blau', 164, 81);
insert into artikel (artikel_id, artikel_beschreibung, artikel_rest_menge, artikel_hersteller_id) values (12, 'Tasche Mickey Mouse Weiss', 8, 28);
insert into artikel (artikel_id, artikel_beschreibung, artikel_rest_menge, artikel_hersteller_id) values (13, 'Tasche Kelly Rot', 101, 64);
insert into artikel (artikel_id, artikel_beschreibung, artikel_rest_menge, artikel_hersteller_id) values (14, 'Tasche LOT Blau', 117, 37);
insert into artikel (artikel_id, artikel_beschreibung, artikel_rest_menge, artikel_hersteller_id) values (15, 'Tasche Becky klein Rot', 120, 100);
insert into artikel (artikel_id, artikel_beschreibung, artikel_rest_menge, artikel_hersteller_id) values (16, 'Tasche Becky gross Rot', 168, 67);
insert into artikel (artikel_id, artikel_beschreibung, artikel_rest_menge, artikel_hersteller_id) values (17, 'Uhren Kika Silber', 9, 3);
insert into artikel (artikel_id, artikel_beschreibung, artikel_rest_menge, artikel_hersteller_id) values (18, 'Uhren Karla Gold', 124, 48);
insert into artikel (artikel_id, artikel_beschreibung, artikel_rest_menge, artikel_hersteller_id) values (19, 'Uhren JBoss Braun', 126, 82);
insert into artikel (artikel_id, artikel_beschreibung, artikel_rest_menge, artikel_hersteller_id) values (20, 'Uhren Jolly Schwarz', 199, 81);
insert into artikel (artikel_id, artikel_beschreibung, artikel_rest_menge, artikel_hersteller_id) values (21, 'Uhren Sunny Gold', 131, 76);
insert into artikel (artikel_id, artikel_beschreibung, artikel_rest_menge, artikel_hersteller_id) values (22, 'Socken Mickey fur Kinder', 100, 83);
insert into artikel (artikel_id, artikel_beschreibung, artikel_rest_menge, artikel_hersteller_id) values (23, 'Socken Pu fur Kinder', 117, 96);
insert into artikel (artikel_id, artikel_beschreibung, artikel_rest_menge, artikel_hersteller_id) values (24, 'Socken HUM Weiss', 71, 27);
insert into artikel (artikel_id, artikel_beschreibung, artikel_rest_menge, artikel_hersteller_id) values (25, 'Socken Lolly Rot', 128, 6);
insert into artikel (artikel_id, artikel_beschreibung, artikel_rest_menge, artikel_hersteller_id) values (26, 'Socken Weihnachtsmotiv', 14, 22);
insert into artikel (artikel_id, artikel_beschreibung, artikel_rest_menge, artikel_hersteller_id) values (27, 'Socken Schwarz', 194, 63);
insert into artikel (artikel_id, artikel_beschreibung, artikel_rest_menge, artikel_hersteller_id) values (28, 'Socken Grau', 164, 50);
insert into artikel (artikel_id, artikel_beschreibung, artikel_rest_menge, artikel_hersteller_id) values (29, 'Socken Pali Branu', 58, 96);
insert into artikel (artikel_id, artikel_beschreibung, artikel_rest_menge, artikel_hersteller_id) values (30, 'Strümpfe Lali weiss', 101, 58);
insert into artikel (artikel_id, artikel_beschreibung, artikel_rest_menge, artikel_hersteller_id) values (31, 'Strümpfe Kodi schwarz mit Herzenmotiv', 56, 51);
insert into artikel (artikel_id, artikel_beschreibung, artikel_rest_menge, artikel_hersteller_id) values (32, 'Strümpfe Lali Braun', 32, 84);
insert into artikel (artikel_id, artikel_beschreibung, artikel_rest_menge, artikel_hersteller_id) values (33, 'Strümpfe Kodi weiss', 40, 48);
insert into artikel (artikel_id, artikel_beschreibung, artikel_rest_menge, artikel_hersteller_id) values (34, 'Strümpfe F&F Rot', 158, 33);
insert into artikel (artikel_id, artikel_beschreibung, artikel_rest_menge, artikel_hersteller_id) values (35, 'Sweater F&F Rot', 54, 68);
insert into artikel (artikel_id, artikel_beschreibung, artikel_rest_menge, artikel_hersteller_id) values (36, 'Sweater F&F Blau', 75, 51);
insert into artikel (artikel_id, artikel_beschreibung, artikel_rest_menge, artikel_hersteller_id) values (37, 'Sweater F&F Braun', 97, 17);
insert into artikel (artikel_id, artikel_beschreibung, artikel_rest_menge, artikel_hersteller_id) values (38, 'Sweater F&F Schwarz', 130, 26);
insert into artikel (artikel_id, artikel_beschreibung, artikel_rest_menge, artikel_hersteller_id) values (39, 'Sweater Urus Rot', 39, 1);
insert into artikel (artikel_id, artikel_beschreibung, artikel_rest_menge, artikel_hersteller_id) values (40, 'Sweater Urus Schwarz', 62, 10);
insert into artikel (artikel_id, artikel_beschreibung, artikel_rest_menge, artikel_hersteller_id) values (41, 'Sweater Urus Lila', 108, 63);
insert into artikel (artikel_id, artikel_beschreibung, artikel_rest_menge, artikel_hersteller_id) values (42, 'Sweater Urus Braun', 90, 83);
insert into artikel (artikel_id, artikel_beschreibung, artikel_rest_menge, artikel_hersteller_id) values (43, 'Sweater Urus Grau', 69, 53);
insert into artikel (artikel_id, artikel_beschreibung, artikel_rest_menge, artikel_hersteller_id) values (44, 'Sweater Urus Grün', 51, 98);
insert into artikel (artikel_id, artikel_beschreibung, artikel_rest_menge, artikel_hersteller_id) values (45, 'Mütze M&M Schwarz', 194, 24);
insert into artikel (artikel_id, artikel_beschreibung, artikel_rest_menge, artikel_hersteller_id) values (46, 'Mütze M&M Braun', 193, 73);
insert into artikel (artikel_id, artikel_beschreibung, artikel_rest_menge, artikel_hersteller_id) values (47, 'Mütze M&M Graun', 9, 21);
insert into artikel (artikel_id, artikel_beschreibung, artikel_rest_menge, artikel_hersteller_id) values (48, 'Mütze M&M Grün', 189, 24);
insert into artikel (artikel_id, artikel_beschreibung, artikel_rest_menge, artikel_hersteller_id) values (49, 'Mütze M&M Rot', 124, 39);
insert into artikel (artikel_id, artikel_beschreibung, artikel_rest_menge, artikel_hersteller_id) values (50, 'Mütze M&M Gelb', 122, 41);
insert into artikel (artikel_id, artikel_beschreibung, artikel_rest_menge, artikel_hersteller_id) values (51, 'Turnschuhe Adidas Wavo Camo', 111, 43);
insert into artikel (artikel_id, artikel_beschreibung, artikel_rest_menge, artikel_hersteller_id) values (52, 'Turnschuhe Adidas Wavo Blau', 146, 18);
insert into artikel (artikel_id, artikel_beschreibung, artikel_rest_menge, artikel_hersteller_id) values (53, 'Turnschuhe Adidas Wavo Rot', 124, 82);
insert into artikel (artikel_id, artikel_beschreibung, artikel_rest_menge, artikel_hersteller_id) values (54, 'Turnschuhe Adidas Wavo Grau', 109, 80);
insert into artikel (artikel_id, artikel_beschreibung, artikel_rest_menge, artikel_hersteller_id) values (55, 'Turnschuhe Nike Airmax Camo', 32, 58);
insert into artikel (artikel_id, artikel_beschreibung, artikel_rest_menge, artikel_hersteller_id) values (56, 'Turnschuhe Nike Airmax Blau', 143, 31);
insert into artikel (artikel_id, artikel_beschreibung, artikel_rest_menge, artikel_hersteller_id) values (57, 'Turnschuhe Nike Airmax Camo', 73, 53);
insert into artikel (artikel_id, artikel_beschreibung, artikel_rest_menge, artikel_hersteller_id) values (58, 'Turnschuhe Nike Airmax Schwarz', 73, 79);
insert into artikel (artikel_id, artikel_beschreibung, artikel_rest_menge, artikel_hersteller_id) values (59, 'Turnschuhe Nike Airmax Grün', 34, 24);
insert into artikel (artikel_id, artikel_beschreibung, artikel_rest_menge, artikel_hersteller_id) values (60, 'Turnschuhe Nike Airmax Rot', 182, 92);
insert into artikel (artikel_id, artikel_beschreibung, artikel_rest_menge, artikel_hersteller_id) values (61, 'Schuhe F&F Schwarz', 53, 40);
insert into artikel (artikel_id, artikel_beschreibung, artikel_rest_menge, artikel_hersteller_id) values (62, 'Schuhe F&F Grau', 150, 69);
insert into artikel (artikel_id, artikel_beschreibung, artikel_rest_menge, artikel_hersteller_id) values (63, 'Schuhe F&F Braun', 133, 13);
insert into artikel (artikel_id, artikel_beschreibung, artikel_rest_menge, artikel_hersteller_id) values (64, 'Stiefel Winter Braun', 17, 54);
insert into artikel (artikel_id, artikel_beschreibung, artikel_rest_menge, artikel_hersteller_id) values (65, 'Stiefel Winter Schwarz', 7, 62);
insert into artikel (artikel_id, artikel_beschreibung, artikel_rest_menge, artikel_hersteller_id) values (66, 'Stiefel Winter Grau', 180, 16);
insert into artikel (artikel_id, artikel_beschreibung, artikel_rest_menge, artikel_hersteller_id) values (67, 'Stiefel Mombi Grau', 57, 49);
insert into artikel (artikel_id, artikel_beschreibung, artikel_rest_menge, artikel_hersteller_id) values (68, 'Stiefel Mombi Schwarz', 199, 99);
insert into artikel (artikel_id, artikel_beschreibung, artikel_rest_menge, artikel_hersteller_id) values (69, 'Stiefel Sara Rot', 109, 61);
insert into artikel (artikel_id, artikel_beschreibung, artikel_rest_menge, artikel_hersteller_id) values (70, 'Stiefel Sara Dunkelblau', 67, 94);
insert into artikel (artikel_id, artikel_beschreibung, artikel_rest_menge, artikel_hersteller_id) values (71, 'Schläppchen Mickey weiss', 113, 60);
insert into artikel (artikel_id, artikel_beschreibung, artikel_rest_menge, artikel_hersteller_id) values (72, 'Schläppchen Puma Schwarz', 182, 79);
insert into artikel (artikel_id, artikel_beschreibung, artikel_rest_menge, artikel_hersteller_id) values (73, 'Schläppchen R&R Rot', 24, 6);
insert into artikel (artikel_id, artikel_beschreibung, artikel_rest_menge, artikel_hersteller_id) values (74, 'Schläppchen Pulla Blau', 80, 39);
insert into artikel (artikel_id, artikel_beschreibung, artikel_rest_menge, artikel_hersteller_id) values (75, 'Schläppchen Pulla Rot', 91, 77);
insert into artikel (artikel_id, artikel_beschreibung, artikel_rest_menge, artikel_hersteller_id) values (76, 'Schläppchen SCS Grau', 32, 40);
insert into artikel (artikel_id, artikel_beschreibung, artikel_rest_menge, artikel_hersteller_id) values (77, 'Rock Mini S&S Schwarz', 6, 58);
insert into artikel (artikel_id, artikel_beschreibung, artikel_rest_menge, artikel_hersteller_id) values (78, 'Rock Mini S&S Grau', 140, 25);
insert into artikel (artikel_id, artikel_beschreibung, artikel_rest_menge, artikel_hersteller_id) values (79, 'Rock Mini S&S Rot', 107, 63);
insert into artikel (artikel_id, artikel_beschreibung, artikel_rest_menge, artikel_hersteller_id) values (80, 'Rock Mini S&S Blau', 124, 62);
insert into artikel (artikel_id, artikel_beschreibung, artikel_rest_menge, artikel_hersteller_id) values (81, 'Rock Lang Roti Schwarz', 140, 70);
insert into artikel (artikel_id, artikel_beschreibung, artikel_rest_menge, artikel_hersteller_id) values (82, 'Rock Lang Roti Grau.', 3, 32);
insert into artikel (artikel_id, artikel_beschreibung, artikel_rest_menge, artikel_hersteller_id) values (83, 'Rock Lang Roti Rot', 100, 63);
insert into artikel (artikel_id, artikel_beschreibung, artikel_rest_menge, artikel_hersteller_id) values (84, 'Jeans Jack Blau', 122, 5);
insert into artikel (artikel_id, artikel_beschreibung, artikel_rest_menge, artikel_hersteller_id) values (85, 'Jeans Jack Grau', 184, 85);
insert into artikel (artikel_id, artikel_beschreibung, artikel_rest_menge, artikel_hersteller_id) values (86, 'Jeans Jack Schwarz', 71, 7);
insert into artikel (artikel_id, artikel_beschreibung, artikel_rest_menge, artikel_hersteller_id) values (87, 'Jeans Jack Grün', 174, 26);
insert into artikel (artikel_id, artikel_beschreibung, artikel_rest_menge, artikel_hersteller_id) values (88, 'Jeans Nils Grau', 143, 41);
insert into artikel (artikel_id, artikel_beschreibung, artikel_rest_menge, artikel_hersteller_id) values (89, 'Jeans Nils Schwarz', 169, 34);
insert into artikel (artikel_id, artikel_beschreibung, artikel_rest_menge, artikel_hersteller_id) values (90, 'Jeans Nils Blau', 137, 50);
insert into artikel (artikel_id, artikel_beschreibung, artikel_rest_menge, artikel_hersteller_id) values (91, 'Jeans Nils Braun', 37, 66);
insert into artikel (artikel_id, artikel_beschreibung, artikel_rest_menge, artikel_hersteller_id) values (92, 'Kette YOLO Silber', 55, 20);
insert into artikel (artikel_id, artikel_beschreibung, artikel_rest_menge, artikel_hersteller_id) values (93, 'Kette R&R Gold', 152, 97);
insert into artikel (artikel_id, artikel_beschreibung, artikel_rest_menge, artikel_hersteller_id) values (94, 'Kette Andy Silber', 118, 66);
insert into artikel (artikel_id, artikel_beschreibung, artikel_rest_menge, artikel_hersteller_id) values (95, 'Kette Bro Gold', 123, 74);
insert into artikel (artikel_id, artikel_beschreibung, artikel_rest_menge, artikel_hersteller_id) values (96, 'Armband YOLO Gold', 27, 27);
insert into artikel (artikel_id, artikel_beschreibung, artikel_rest_menge, artikel_hersteller_id) values (97, 'Armband Andy Gold', 80, 21);
insert into artikel (artikel_id, artikel_beschreibung, artikel_rest_menge, artikel_hersteller_id) values (98, 'Armband R&R Silber', 80, 2);
insert into artikel (artikel_id, artikel_beschreibung, artikel_rest_menge, artikel_hersteller_id) values (99, 'Armband Bro Gold', 156, 74);
insert into artikel (artikel_id, artikel_beschreibung, artikel_rest_menge, artikel_hersteller_id) values (100, 'Armband YOLO Silber', 36, 91);

insert into bestellteArtikel (bestellteArtikel_bestellung_id, bestellteArtikel_artikel_id, bestellteArtikel_menge, bestellteArtikel_preis) values (1, 1, 49, 503);
insert into bestellteArtikel (bestellteArtikel_bestellung_id, bestellteArtikel_artikel_id, bestellteArtikel_menge, bestellteArtikel_preis) values (2, 2, 156, 63);
insert into bestellteArtikel (bestellteArtikel_bestellung_id, bestellteArtikel_artikel_id, bestellteArtikel_menge, bestellteArtikel_preis) values (3, 3, 4, 362);
insert into bestellteArtikel (bestellteArtikel_bestellung_id, bestellteArtikel_artikel_id, bestellteArtikel_menge, bestellteArtikel_preis) values (4, 4, 48, 430);
insert into bestellteArtikel (bestellteArtikel_bestellung_id, bestellteArtikel_artikel_id, bestellteArtikel_menge, bestellteArtikel_preis) values (5, 5, 187, 745);
insert into bestellteArtikel (bestellteArtikel_bestellung_id, bestellteArtikel_artikel_id, bestellteArtikel_menge, bestellteArtikel_preis) values (6, 6, 67, 370);
insert into bestellteArtikel (bestellteArtikel_bestellung_id, bestellteArtikel_artikel_id, bestellteArtikel_menge, bestellteArtikel_preis) values (7, 7, 48, 566);
insert into bestellteArtikel (bestellteArtikel_bestellung_id, bestellteArtikel_artikel_id, bestellteArtikel_menge, bestellteArtikel_preis) values (8, 8, 97, 778);
insert into bestellteArtikel (bestellteArtikel_bestellung_id, bestellteArtikel_artikel_id, bestellteArtikel_menge, bestellteArtikel_preis) values (9, 9, 119, 570);
insert into bestellteArtikel (bestellteArtikel_bestellung_id, bestellteArtikel_artikel_id, bestellteArtikel_menge, bestellteArtikel_preis) values (10, 10, 122, 274);
insert into bestellteArtikel (bestellteArtikel_bestellung_id, bestellteArtikel_artikel_id, bestellteArtikel_menge, bestellteArtikel_preis) values (11, 11, 116, 323);
insert into bestellteArtikel (bestellteArtikel_bestellung_id, bestellteArtikel_artikel_id, bestellteArtikel_menge, bestellteArtikel_preis) values (12, 12, 199, 129);
insert into bestellteArtikel (bestellteArtikel_bestellung_id, bestellteArtikel_artikel_id, bestellteArtikel_menge, bestellteArtikel_preis) values (13, 13, 62, 555);
insert into bestellteArtikel (bestellteArtikel_bestellung_id, bestellteArtikel_artikel_id, bestellteArtikel_menge, bestellteArtikel_preis) values (14, 14, 180, 37);
insert into bestellteArtikel (bestellteArtikel_bestellung_id, bestellteArtikel_artikel_id, bestellteArtikel_menge, bestellteArtikel_preis) values (15, 15, 160, 774);
insert into bestellteArtikel (bestellteArtikel_bestellung_id, bestellteArtikel_artikel_id, bestellteArtikel_menge, bestellteArtikel_preis) values (16, 16, 93, 288);
insert into bestellteArtikel (bestellteArtikel_bestellung_id, bestellteArtikel_artikel_id, bestellteArtikel_menge, bestellteArtikel_preis) values (17, 17, 123, 409);
insert into bestellteArtikel (bestellteArtikel_bestellung_id, bestellteArtikel_artikel_id, bestellteArtikel_menge, bestellteArtikel_preis) values (18, 18, 183, 707);
insert into bestellteArtikel (bestellteArtikel_bestellung_id, bestellteArtikel_artikel_id, bestellteArtikel_menge, bestellteArtikel_preis) values (19, 19, 173, 31);
insert into bestellteArtikel (bestellteArtikel_bestellung_id, bestellteArtikel_artikel_id, bestellteArtikel_menge, bestellteArtikel_preis) values (20, 20, 84, 331);
insert into bestellteArtikel (bestellteArtikel_bestellung_id, bestellteArtikel_artikel_id, bestellteArtikel_menge, bestellteArtikel_preis) values (21, 21, 129, 793);
insert into bestellteArtikel (bestellteArtikel_bestellung_id, bestellteArtikel_artikel_id, bestellteArtikel_menge, bestellteArtikel_preis) values (22, 22, 126, 639);
insert into bestellteArtikel (bestellteArtikel_bestellung_id, bestellteArtikel_artikel_id, bestellteArtikel_menge, bestellteArtikel_preis) values (23, 23, 184, 533);
insert into bestellteArtikel (bestellteArtikel_bestellung_id, bestellteArtikel_artikel_id, bestellteArtikel_menge, bestellteArtikel_preis) values (24, 24, 32, 223);
insert into bestellteArtikel (bestellteArtikel_bestellung_id, bestellteArtikel_artikel_id, bestellteArtikel_menge, bestellteArtikel_preis) values (25, 25, 83, 565);
insert into bestellteArtikel (bestellteArtikel_bestellung_id, bestellteArtikel_artikel_id, bestellteArtikel_menge, bestellteArtikel_preis) values (26, 26, 5, 243);
insert into bestellteArtikel (bestellteArtikel_bestellung_id, bestellteArtikel_artikel_id, bestellteArtikel_menge, bestellteArtikel_preis) values (27, 27, 162, 198);
insert into bestellteArtikel (bestellteArtikel_bestellung_id, bestellteArtikel_artikel_id, bestellteArtikel_menge, bestellteArtikel_preis) values (28, 28, 142, 100);
insert into bestellteArtikel (bestellteArtikel_bestellung_id, bestellteArtikel_artikel_id, bestellteArtikel_menge, bestellteArtikel_preis) values (29, 29, 16, 196);
insert into bestellteArtikel (bestellteArtikel_bestellung_id, bestellteArtikel_artikel_id, bestellteArtikel_menge, bestellteArtikel_preis) values (30, 30, 175, 295);
insert into bestellteArtikel (bestellteArtikel_bestellung_id, bestellteArtikel_artikel_id, bestellteArtikel_menge, bestellteArtikel_preis) values (31, 31, 90, 451);
insert into bestellteArtikel (bestellteArtikel_bestellung_id, bestellteArtikel_artikel_id, bestellteArtikel_menge, bestellteArtikel_preis) values (32, 32, 31, 772);
insert into bestellteArtikel (bestellteArtikel_bestellung_id, bestellteArtikel_artikel_id, bestellteArtikel_menge, bestellteArtikel_preis) values (33, 33, 144, 123);
insert into bestellteArtikel (bestellteArtikel_bestellung_id, bestellteArtikel_artikel_id, bestellteArtikel_menge, bestellteArtikel_preis) values (34, 34, 67, 28);
insert into bestellteArtikel (bestellteArtikel_bestellung_id, bestellteArtikel_artikel_id, bestellteArtikel_menge, bestellteArtikel_preis) values (35, 35, 172, 768);
insert into bestellteArtikel (bestellteArtikel_bestellung_id, bestellteArtikel_artikel_id, bestellteArtikel_menge, bestellteArtikel_preis) values (36, 36, 47, 475);
insert into bestellteArtikel (bestellteArtikel_bestellung_id, bestellteArtikel_artikel_id, bestellteArtikel_menge, bestellteArtikel_preis) values (37, 37, 66, 640);
insert into bestellteArtikel (bestellteArtikel_bestellung_id, bestellteArtikel_artikel_id, bestellteArtikel_menge, bestellteArtikel_preis) values (38, 38, 82, 792);
insert into bestellteArtikel (bestellteArtikel_bestellung_id, bestellteArtikel_artikel_id, bestellteArtikel_menge, bestellteArtikel_preis) values (39, 39, 64, 739);
insert into bestellteArtikel (bestellteArtikel_bestellung_id, bestellteArtikel_artikel_id, bestellteArtikel_menge, bestellteArtikel_preis) values (40, 40, 51, 308);
insert into bestellteArtikel (bestellteArtikel_bestellung_id, bestellteArtikel_artikel_id, bestellteArtikel_menge, bestellteArtikel_preis) values (41, 41, 41, 147);
insert into bestellteArtikel (bestellteArtikel_bestellung_id, bestellteArtikel_artikel_id, bestellteArtikel_menge, bestellteArtikel_preis) values (42, 42, 43, 385);
insert into bestellteArtikel (bestellteArtikel_bestellung_id, bestellteArtikel_artikel_id, bestellteArtikel_menge, bestellteArtikel_preis) values (43, 43, 194, 310);
insert into bestellteArtikel (bestellteArtikel_bestellung_id, bestellteArtikel_artikel_id, bestellteArtikel_menge, bestellteArtikel_preis) values (44, 44, 39, 205);
insert into bestellteArtikel (bestellteArtikel_bestellung_id, bestellteArtikel_artikel_id, bestellteArtikel_menge, bestellteArtikel_preis) values (45, 45, 82, 513);
insert into bestellteArtikel (bestellteArtikel_bestellung_id, bestellteArtikel_artikel_id, bestellteArtikel_menge, bestellteArtikel_preis) values (46, 46, 106, 263);
insert into bestellteArtikel (bestellteArtikel_bestellung_id, bestellteArtikel_artikel_id, bestellteArtikel_menge, bestellteArtikel_preis) values (47, 47, 143, 236);
insert into bestellteArtikel (bestellteArtikel_bestellung_id, bestellteArtikel_artikel_id, bestellteArtikel_menge, bestellteArtikel_preis) values (48, 48, 83, 136);
insert into bestellteArtikel (bestellteArtikel_bestellung_id, bestellteArtikel_artikel_id, bestellteArtikel_menge, bestellteArtikel_preis) values (49, 49, 178, 570);
insert into bestellteArtikel (bestellteArtikel_bestellung_id, bestellteArtikel_artikel_id, bestellteArtikel_menge, bestellteArtikel_preis) values (50, 50, 131, 249);
insert into bestellteArtikel (bestellteArtikel_bestellung_id, bestellteArtikel_artikel_id, bestellteArtikel_menge, bestellteArtikel_preis) values (51, 51, 36, 38);
insert into bestellteArtikel (bestellteArtikel_bestellung_id, bestellteArtikel_artikel_id, bestellteArtikel_menge, bestellteArtikel_preis) values (52, 52, 194, 132);
insert into bestellteArtikel (bestellteArtikel_bestellung_id, bestellteArtikel_artikel_id, bestellteArtikel_menge, bestellteArtikel_preis) values (53, 53, 31, 166);
insert into bestellteArtikel (bestellteArtikel_bestellung_id, bestellteArtikel_artikel_id, bestellteArtikel_menge, bestellteArtikel_preis) values (54, 54, 77, 619);
insert into bestellteArtikel (bestellteArtikel_bestellung_id, bestellteArtikel_artikel_id, bestellteArtikel_menge, bestellteArtikel_preis) values (55, 55, 165, 286);
insert into bestellteArtikel (bestellteArtikel_bestellung_id, bestellteArtikel_artikel_id, bestellteArtikel_menge, bestellteArtikel_preis) values (56, 56, 100, 440);
insert into bestellteArtikel (bestellteArtikel_bestellung_id, bestellteArtikel_artikel_id, bestellteArtikel_menge, bestellteArtikel_preis) values (57, 57, 4, 594);
insert into bestellteArtikel (bestellteArtikel_bestellung_id, bestellteArtikel_artikel_id, bestellteArtikel_menge, bestellteArtikel_preis) values (58, 58, 25, 746);
insert into bestellteArtikel (bestellteArtikel_bestellung_id, bestellteArtikel_artikel_id, bestellteArtikel_menge, bestellteArtikel_preis) values (59, 59, 79, 439);
insert into bestellteArtikel (bestellteArtikel_bestellung_id, bestellteArtikel_artikel_id, bestellteArtikel_menge, bestellteArtikel_preis) values (60, 60, 164, 149);
insert into bestellteArtikel (bestellteArtikel_bestellung_id, bestellteArtikel_artikel_id, bestellteArtikel_menge, bestellteArtikel_preis) values (61, 61, 26, 540);
insert into bestellteArtikel (bestellteArtikel_bestellung_id, bestellteArtikel_artikel_id, bestellteArtikel_menge, bestellteArtikel_preis) values (62, 62, 107, 331);
insert into bestellteArtikel (bestellteArtikel_bestellung_id, bestellteArtikel_artikel_id, bestellteArtikel_menge, bestellteArtikel_preis) values (63, 63, 194, 300);
insert into bestellteArtikel (bestellteArtikel_bestellung_id, bestellteArtikel_artikel_id, bestellteArtikel_menge, bestellteArtikel_preis) values (64, 64, 43, 776);
insert into bestellteArtikel (bestellteArtikel_bestellung_id, bestellteArtikel_artikel_id, bestellteArtikel_menge, bestellteArtikel_preis) values (65, 65, 56, 719);
insert into bestellteArtikel (bestellteArtikel_bestellung_id, bestellteArtikel_artikel_id, bestellteArtikel_menge, bestellteArtikel_preis) values (66, 66, 106, 186);
insert into bestellteArtikel (bestellteArtikel_bestellung_id, bestellteArtikel_artikel_id, bestellteArtikel_menge, bestellteArtikel_preis) values (67, 67, 94, 792);
insert into bestellteArtikel (bestellteArtikel_bestellung_id, bestellteArtikel_artikel_id, bestellteArtikel_menge, bestellteArtikel_preis) values (68, 68, 171, 688);
insert into bestellteArtikel (bestellteArtikel_bestellung_id, bestellteArtikel_artikel_id, bestellteArtikel_menge, bestellteArtikel_preis) values (69, 69, 103, 230);
insert into bestellteArtikel (bestellteArtikel_bestellung_id, bestellteArtikel_artikel_id, bestellteArtikel_menge, bestellteArtikel_preis) values (70, 70, 169, 414);
insert into bestellteArtikel (bestellteArtikel_bestellung_id, bestellteArtikel_artikel_id, bestellteArtikel_menge, bestellteArtikel_preis) values (71, 71, 98, 290);
insert into bestellteArtikel (bestellteArtikel_bestellung_id, bestellteArtikel_artikel_id, bestellteArtikel_menge, bestellteArtikel_preis) values (72, 72, 92, 99);
insert into bestellteArtikel (bestellteArtikel_bestellung_id, bestellteArtikel_artikel_id, bestellteArtikel_menge, bestellteArtikel_preis) values (73, 73, 56, 53);
insert into bestellteArtikel (bestellteArtikel_bestellung_id, bestellteArtikel_artikel_id, bestellteArtikel_menge, bestellteArtikel_preis) values (74, 74, 157, 115);
insert into bestellteArtikel (bestellteArtikel_bestellung_id, bestellteArtikel_artikel_id, bestellteArtikel_menge, bestellteArtikel_preis) values (75, 75, 21, 491);
insert into bestellteArtikel (bestellteArtikel_bestellung_id, bestellteArtikel_artikel_id, bestellteArtikel_menge, bestellteArtikel_preis) values (76, 76, 140, 628);
insert into bestellteArtikel (bestellteArtikel_bestellung_id, bestellteArtikel_artikel_id, bestellteArtikel_menge, bestellteArtikel_preis) values (77, 77, 3, 742);
insert into bestellteArtikel (bestellteArtikel_bestellung_id, bestellteArtikel_artikel_id, bestellteArtikel_menge, bestellteArtikel_preis) values (78, 78, 189, 8);
insert into bestellteArtikel (bestellteArtikel_bestellung_id, bestellteArtikel_artikel_id, bestellteArtikel_menge, bestellteArtikel_preis) values (79, 79, 27, 354);
insert into bestellteArtikel (bestellteArtikel_bestellung_id, bestellteArtikel_artikel_id, bestellteArtikel_menge, bestellteArtikel_preis) values (80, 80, 141, 637);
insert into bestellteArtikel (bestellteArtikel_bestellung_id, bestellteArtikel_artikel_id, bestellteArtikel_menge, bestellteArtikel_preis) values (81, 81, 115, 648);
insert into bestellteArtikel (bestellteArtikel_bestellung_id, bestellteArtikel_artikel_id, bestellteArtikel_menge, bestellteArtikel_preis) values (82, 82, 38, 724);
insert into bestellteArtikel (bestellteArtikel_bestellung_id, bestellteArtikel_artikel_id, bestellteArtikel_menge, bestellteArtikel_preis) values (83, 83, 159, 474);
insert into bestellteArtikel (bestellteArtikel_bestellung_id, bestellteArtikel_artikel_id, bestellteArtikel_menge, bestellteArtikel_preis) values (84, 84, 105, 172);
insert into bestellteArtikel (bestellteArtikel_bestellung_id, bestellteArtikel_artikel_id, bestellteArtikel_menge, bestellteArtikel_preis) values (85, 85, 5, 599);
insert into bestellteArtikel (bestellteArtikel_bestellung_id, bestellteArtikel_artikel_id, bestellteArtikel_menge, bestellteArtikel_preis) values (86, 86, 163, 781);
insert into bestellteArtikel (bestellteArtikel_bestellung_id, bestellteArtikel_artikel_id, bestellteArtikel_menge, bestellteArtikel_preis) values (87, 87, 109, 291);
insert into bestellteArtikel (bestellteArtikel_bestellung_id, bestellteArtikel_artikel_id, bestellteArtikel_menge, bestellteArtikel_preis) values (88, 88, 190, 138);
insert into bestellteArtikel (bestellteArtikel_bestellung_id, bestellteArtikel_artikel_id, bestellteArtikel_menge, bestellteArtikel_preis) values (89, 89, 180, 322);
insert into bestellteArtikel (bestellteArtikel_bestellung_id, bestellteArtikel_artikel_id, bestellteArtikel_menge, bestellteArtikel_preis) values (90, 90, 128, 533);
insert into bestellteArtikel (bestellteArtikel_bestellung_id, bestellteArtikel_artikel_id, bestellteArtikel_menge, bestellteArtikel_preis) values (91, 91, 14, 750);
insert into bestellteArtikel (bestellteArtikel_bestellung_id, bestellteArtikel_artikel_id, bestellteArtikel_menge, bestellteArtikel_preis) values (92, 92, 33, 172);
insert into bestellteArtikel (bestellteArtikel_bestellung_id, bestellteArtikel_artikel_id, bestellteArtikel_menge, bestellteArtikel_preis) values (93, 93, 59, 145);
insert into bestellteArtikel (bestellteArtikel_bestellung_id, bestellteArtikel_artikel_id, bestellteArtikel_menge, bestellteArtikel_preis) values (94, 94, 128, 145);
insert into bestellteArtikel (bestellteArtikel_bestellung_id, bestellteArtikel_artikel_id, bestellteArtikel_menge, bestellteArtikel_preis) values (95, 95, 51, 415);
insert into bestellteArtikel (bestellteArtikel_bestellung_id, bestellteArtikel_artikel_id, bestellteArtikel_menge, bestellteArtikel_preis) values (96, 96, 86, 458);
insert into bestellteArtikel (bestellteArtikel_bestellung_id, bestellteArtikel_artikel_id, bestellteArtikel_menge, bestellteArtikel_preis) values (97, 97, 42, 423);
insert into bestellteArtikel (bestellteArtikel_bestellung_id, bestellteArtikel_artikel_id, bestellteArtikel_menge, bestellteArtikel_preis) values (98, 98, 22, 247);
insert into bestellteArtikel (bestellteArtikel_bestellung_id, bestellteArtikel_artikel_id, bestellteArtikel_menge, bestellteArtikel_preis) values (99, 99, 190, 545);
insert into bestellteArtikel (bestellteArtikel_bestellung_id, bestellteArtikel_artikel_id, bestellteArtikel_menge, bestellteArtikel_preis) values (100, 100, 2, 364);

insert into kategorie (kategorie_id, kategorie_name, kategorie_bezeichnung) values (1, 'Damen', 'Alle Artikel fur Damen.');
insert into kategorie (kategorie_id, kategorie_name, kategorie_bezeichnung) values (2, 'Herren', 'Alle Artikel fur Herren.');
insert into kategorie (kategorie_id, kategorie_name, kategorie_bezeichnung) values (3, 'Kinder', 'Alle Artikel fur Kinder.');

insert into unterkategorie (unterkategorie_id, unterkategorie_name, unterkategorie_bezeichnung) values (1, 'Oberteile', 'Oberteile für ');
insert into unterkategorie (unterkategorie_id, unterkategorie_name, unterkategorie_bezeichnung) values (2, 'Unterteile', 'Unterteile für ');
insert into unterkategorie (unterkategorie_id, unterkategorie_name, unterkategorie_bezeichnung) values (3, 'Schuhe', 'Schuhe für ');
insert into unterkategorie (unterkategorie_id, unterkategorie_name, unterkategorie_bezeichnung) values (4, 'Taschen', 'Taschen für ');
insert into unterkategorie (unterkategorie_id, unterkategorie_name, unterkategorie_bezeichnung) values (5, 'Unterwäsche', 'Unterwäsche für ');
insert into unterkategorie (unterkategorie_id, unterkategorie_name, unterkategorie_bezeichnung) values (6, 'Andere', 'Andere Sachen für ');

insert into artikelkategorie (artikelkategorie_artikel_id, artikelkategorie_kategorie_id, artikelkategorie_unterkategorie_id) values (1, 3, 1);
insert into artikelkategorie (artikelkategorie_artikel_id, artikelkategorie_kategorie_id, artikelkategorie_unterkategorie_id) values (2, 2, 1);
insert into artikelkategorie (artikelkategorie_artikel_id, artikelkategorie_kategorie_id, artikelkategorie_unterkategorie_id) values (3, 1, 1);
insert into artikelkategorie (artikelkategorie_artikel_id, artikelkategorie_kategorie_id, artikelkategorie_unterkategorie_id) values (4, 2, 1);
insert into artikelkategorie (artikelkategorie_artikel_id, artikelkategorie_kategorie_id, artikelkategorie_unterkategorie_id) values (5, 3, 1);
insert into artikelkategorie (artikelkategorie_artikel_id, artikelkategorie_kategorie_id, artikelkategorie_unterkategorie_id) values (6, 2, 1);
insert into artikelkategorie (artikelkategorie_artikel_id, artikelkategorie_kategorie_id, artikelkategorie_unterkategorie_id) values (7, 2, 2);
insert into artikelkategorie (artikelkategorie_artikel_id, artikelkategorie_kategorie_id, artikelkategorie_unterkategorie_id) values (8, 3, 1);
insert into artikelkategorie (artikelkategorie_artikel_id, artikelkategorie_kategorie_id, artikelkategorie_unterkategorie_id) values (9, 1, 1);
insert into artikelkategorie (artikelkategorie_artikel_id, artikelkategorie_kategorie_id, artikelkategorie_unterkategorie_id) values (10, 2, 1);
insert into artikelkategorie (artikelkategorie_artikel_id, artikelkategorie_kategorie_id, artikelkategorie_unterkategorie_id) values (11, 1, 1);
insert into artikelkategorie (artikelkategorie_artikel_id, artikelkategorie_kategorie_id, artikelkategorie_unterkategorie_id) values (12, 1, 4);
insert into artikelkategorie (artikelkategorie_artikel_id, artikelkategorie_kategorie_id, artikelkategorie_unterkategorie_id) values (13, 1, 4);
insert into artikelkategorie (artikelkategorie_artikel_id, artikelkategorie_kategorie_id, artikelkategorie_unterkategorie_id) values (14, 3, 4);
insert into artikelkategorie (artikelkategorie_artikel_id, artikelkategorie_kategorie_id, artikelkategorie_unterkategorie_id) values (15, 1, 4);
insert into artikelkategorie (artikelkategorie_artikel_id, artikelkategorie_kategorie_id, artikelkategorie_unterkategorie_id) values (16, 1, 4);
insert into artikelkategorie (artikelkategorie_artikel_id, artikelkategorie_kategorie_id, artikelkategorie_unterkategorie_id) values (17, 2, 6);
insert into artikelkategorie (artikelkategorie_artikel_id, artikelkategorie_kategorie_id, artikelkategorie_unterkategorie_id) values (18, 3, 6);
insert into artikelkategorie (artikelkategorie_artikel_id, artikelkategorie_kategorie_id, artikelkategorie_unterkategorie_id) values (19, 1, 6);
insert into artikelkategorie (artikelkategorie_artikel_id, artikelkategorie_kategorie_id, artikelkategorie_unterkategorie_id) values (20, 3, 6);
insert into artikelkategorie (artikelkategorie_artikel_id, artikelkategorie_kategorie_id, artikelkategorie_unterkategorie_id) values (21, 1, 6);
insert into artikelkategorie (artikelkategorie_artikel_id, artikelkategorie_kategorie_id, artikelkategorie_unterkategorie_id) values (22, 2, 5);
insert into artikelkategorie (artikelkategorie_artikel_id, artikelkategorie_kategorie_id, artikelkategorie_unterkategorie_id) values (23, 2, 5);
insert into artikelkategorie (artikelkategorie_artikel_id, artikelkategorie_kategorie_id, artikelkategorie_unterkategorie_id) values (24, 3, 5);
insert into artikelkategorie (artikelkategorie_artikel_id, artikelkategorie_kategorie_id, artikelkategorie_unterkategorie_id) values (25, 3, 5);
insert into artikelkategorie (artikelkategorie_artikel_id, artikelkategorie_kategorie_id, artikelkategorie_unterkategorie_id) values (26, 1, 5);
insert into artikelkategorie (artikelkategorie_artikel_id, artikelkategorie_kategorie_id, artikelkategorie_unterkategorie_id) values (27, 1, 5);
insert into artikelkategorie (artikelkategorie_artikel_id, artikelkategorie_kategorie_id, artikelkategorie_unterkategorie_id) values (28, 2, 4);
insert into artikelkategorie (artikelkategorie_artikel_id, artikelkategorie_kategorie_id, artikelkategorie_unterkategorie_id) values (29, 3, 5);
insert into artikelkategorie (artikelkategorie_artikel_id, artikelkategorie_kategorie_id, artikelkategorie_unterkategorie_id) values (30, 3, 2);
insert into artikelkategorie (artikelkategorie_artikel_id, artikelkategorie_kategorie_id, artikelkategorie_unterkategorie_id) values (31, 1, 2);
insert into artikelkategorie (artikelkategorie_artikel_id, artikelkategorie_kategorie_id, artikelkategorie_unterkategorie_id) values (32, 3, 2);
insert into artikelkategorie (artikelkategorie_artikel_id, artikelkategorie_kategorie_id, artikelkategorie_unterkategorie_id) values (33, 1, 2);
insert into artikelkategorie (artikelkategorie_artikel_id, artikelkategorie_kategorie_id, artikelkategorie_unterkategorie_id) values (34, 1, 2);
insert into artikelkategorie (artikelkategorie_artikel_id, artikelkategorie_kategorie_id, artikelkategorie_unterkategorie_id) values (35, 3, 1);
insert into artikelkategorie (artikelkategorie_artikel_id, artikelkategorie_kategorie_id, artikelkategorie_unterkategorie_id) values (36, 3, 1);
insert into artikelkategorie (artikelkategorie_artikel_id, artikelkategorie_kategorie_id, artikelkategorie_unterkategorie_id) values (37, 1, 1);
insert into artikelkategorie (artikelkategorie_artikel_id, artikelkategorie_kategorie_id, artikelkategorie_unterkategorie_id) values (38, 2, 1);
insert into artikelkategorie (artikelkategorie_artikel_id, artikelkategorie_kategorie_id, artikelkategorie_unterkategorie_id) values (39, 3, 1);
insert into artikelkategorie (artikelkategorie_artikel_id, artikelkategorie_kategorie_id, artikelkategorie_unterkategorie_id) values (40, 3, 1);
insert into artikelkategorie (artikelkategorie_artikel_id, artikelkategorie_kategorie_id, artikelkategorie_unterkategorie_id) values (41, 2, 1);
insert into artikelkategorie (artikelkategorie_artikel_id, artikelkategorie_kategorie_id, artikelkategorie_unterkategorie_id) values (42, 2, 1);
insert into artikelkategorie (artikelkategorie_artikel_id, artikelkategorie_kategorie_id, artikelkategorie_unterkategorie_id) values (43, 2, 1);
insert into artikelkategorie (artikelkategorie_artikel_id, artikelkategorie_kategorie_id, artikelkategorie_unterkategorie_id) values (44, 2, 1);
insert into artikelkategorie (artikelkategorie_artikel_id, artikelkategorie_kategorie_id, artikelkategorie_unterkategorie_id) values (45, 1, 6);
insert into artikelkategorie (artikelkategorie_artikel_id, artikelkategorie_kategorie_id, artikelkategorie_unterkategorie_id) values (46, 2, 6);
insert into artikelkategorie (artikelkategorie_artikel_id, artikelkategorie_kategorie_id, artikelkategorie_unterkategorie_id) values (47, 3, 6);
insert into artikelkategorie (artikelkategorie_artikel_id, artikelkategorie_kategorie_id, artikelkategorie_unterkategorie_id) values (48, 1, 6);
insert into artikelkategorie (artikelkategorie_artikel_id, artikelkategorie_kategorie_id, artikelkategorie_unterkategorie_id) values (49, 3, 6);
insert into artikelkategorie (artikelkategorie_artikel_id, artikelkategorie_kategorie_id, artikelkategorie_unterkategorie_id) values (50, 1, 6);
insert into artikelkategorie (artikelkategorie_artikel_id, artikelkategorie_kategorie_id, artikelkategorie_unterkategorie_id) values (51, 2, 3);
insert into artikelkategorie (artikelkategorie_artikel_id, artikelkategorie_kategorie_id, artikelkategorie_unterkategorie_id) values (52, 1, 3);
insert into artikelkategorie (artikelkategorie_artikel_id, artikelkategorie_kategorie_id, artikelkategorie_unterkategorie_id) values (53, 2, 3);
insert into artikelkategorie (artikelkategorie_artikel_id, artikelkategorie_kategorie_id, artikelkategorie_unterkategorie_id) values (54, 2, 3);
insert into artikelkategorie (artikelkategorie_artikel_id, artikelkategorie_kategorie_id, artikelkategorie_unterkategorie_id) values (55, 1, 3);
insert into artikelkategorie (artikelkategorie_artikel_id, artikelkategorie_kategorie_id, artikelkategorie_unterkategorie_id) values (56, 1, 3);
insert into artikelkategorie (artikelkategorie_artikel_id, artikelkategorie_kategorie_id, artikelkategorie_unterkategorie_id) values (57, 3, 3);
insert into artikelkategorie (artikelkategorie_artikel_id, artikelkategorie_kategorie_id, artikelkategorie_unterkategorie_id) values (58, 1, 3);
insert into artikelkategorie (artikelkategorie_artikel_id, artikelkategorie_kategorie_id, artikelkategorie_unterkategorie_id) values (59, 2, 3);
insert into artikelkategorie (artikelkategorie_artikel_id, artikelkategorie_kategorie_id, artikelkategorie_unterkategorie_id) values (60, 3, 3);
insert into artikelkategorie (artikelkategorie_artikel_id, artikelkategorie_kategorie_id, artikelkategorie_unterkategorie_id) values (61, 2, 3);
insert into artikelkategorie (artikelkategorie_artikel_id, artikelkategorie_kategorie_id, artikelkategorie_unterkategorie_id) values (62, 2, 3);
insert into artikelkategorie (artikelkategorie_artikel_id, artikelkategorie_kategorie_id, artikelkategorie_unterkategorie_id) values (63, 2, 3);
insert into artikelkategorie (artikelkategorie_artikel_id, artikelkategorie_kategorie_id, artikelkategorie_unterkategorie_id) values (64, 1, 3);
insert into artikelkategorie (artikelkategorie_artikel_id, artikelkategorie_kategorie_id, artikelkategorie_unterkategorie_id) values (65, 1, 3);
insert into artikelkategorie (artikelkategorie_artikel_id, artikelkategorie_kategorie_id, artikelkategorie_unterkategorie_id) values (66, 1, 3);
insert into artikelkategorie (artikelkategorie_artikel_id, artikelkategorie_kategorie_id, artikelkategorie_unterkategorie_id) values (67, 1, 3);
insert into artikelkategorie (artikelkategorie_artikel_id, artikelkategorie_kategorie_id, artikelkategorie_unterkategorie_id) values (68, 1, 3);
insert into artikelkategorie (artikelkategorie_artikel_id, artikelkategorie_kategorie_id, artikelkategorie_unterkategorie_id) values (69, 1, 3);
insert into artikelkategorie (artikelkategorie_artikel_id, artikelkategorie_kategorie_id, artikelkategorie_unterkategorie_id) values (70, 1, 3);
insert into artikelkategorie (artikelkategorie_artikel_id, artikelkategorie_kategorie_id, artikelkategorie_unterkategorie_id) values (71, 1, 3);
insert into artikelkategorie (artikelkategorie_artikel_id, artikelkategorie_kategorie_id, artikelkategorie_unterkategorie_id) values (72, 2, 3);
insert into artikelkategorie (artikelkategorie_artikel_id, artikelkategorie_kategorie_id, artikelkategorie_unterkategorie_id) values (73, 2, 3);
insert into artikelkategorie (artikelkategorie_artikel_id, artikelkategorie_kategorie_id, artikelkategorie_unterkategorie_id) values (74, 1, 3);
insert into artikelkategorie (artikelkategorie_artikel_id, artikelkategorie_kategorie_id, artikelkategorie_unterkategorie_id) values (75, 2, 3);
insert into artikelkategorie (artikelkategorie_artikel_id, artikelkategorie_kategorie_id, artikelkategorie_unterkategorie_id) values (76, 2, 3);
insert into artikelkategorie (artikelkategorie_artikel_id, artikelkategorie_kategorie_id, artikelkategorie_unterkategorie_id) values (77, 1, 2);
insert into artikelkategorie (artikelkategorie_artikel_id, artikelkategorie_kategorie_id, artikelkategorie_unterkategorie_id) values (78, 1, 2);
insert into artikelkategorie (artikelkategorie_artikel_id, artikelkategorie_kategorie_id, artikelkategorie_unterkategorie_id) values (79, 1, 2);
insert into artikelkategorie (artikelkategorie_artikel_id, artikelkategorie_kategorie_id, artikelkategorie_unterkategorie_id) values (80, 1, 2);
insert into artikelkategorie (artikelkategorie_artikel_id, artikelkategorie_kategorie_id, artikelkategorie_unterkategorie_id) values (81, 1, 2);
insert into artikelkategorie (artikelkategorie_artikel_id, artikelkategorie_kategorie_id, artikelkategorie_unterkategorie_id) values (82, 1, 2);
insert into artikelkategorie (artikelkategorie_artikel_id, artikelkategorie_kategorie_id, artikelkategorie_unterkategorie_id) values (83, 1, 2);
insert into artikelkategorie (artikelkategorie_artikel_id, artikelkategorie_kategorie_id, artikelkategorie_unterkategorie_id) values (84, 3, 2);
insert into artikelkategorie (artikelkategorie_artikel_id, artikelkategorie_kategorie_id, artikelkategorie_unterkategorie_id) values (85, 3, 2);
insert into artikelkategorie (artikelkategorie_artikel_id, artikelkategorie_kategorie_id, artikelkategorie_unterkategorie_id) values (86, 3, 2);
insert into artikelkategorie (artikelkategorie_artikel_id, artikelkategorie_kategorie_id, artikelkategorie_unterkategorie_id) values (87, 1, 2);
insert into artikelkategorie (artikelkategorie_artikel_id, artikelkategorie_kategorie_id, artikelkategorie_unterkategorie_id) values (88, 2, 2);
insert into artikelkategorie (artikelkategorie_artikel_id, artikelkategorie_kategorie_id, artikelkategorie_unterkategorie_id) values (89, 1, 2);
insert into artikelkategorie (artikelkategorie_artikel_id, artikelkategorie_kategorie_id, artikelkategorie_unterkategorie_id) values (90, 1, 2);
insert into artikelkategorie (artikelkategorie_artikel_id, artikelkategorie_kategorie_id, artikelkategorie_unterkategorie_id) values (91, 3, 2);
insert into artikelkategorie (artikelkategorie_artikel_id, artikelkategorie_kategorie_id, artikelkategorie_unterkategorie_id) values (92, 3, 6);
insert into artikelkategorie (artikelkategorie_artikel_id, artikelkategorie_kategorie_id, artikelkategorie_unterkategorie_id) values (93, 1, 6);
insert into artikelkategorie (artikelkategorie_artikel_id, artikelkategorie_kategorie_id, artikelkategorie_unterkategorie_id) values (94, 1, 6);
insert into artikelkategorie (artikelkategorie_artikel_id, artikelkategorie_kategorie_id, artikelkategorie_unterkategorie_id) values (95, 1, 6);
insert into artikelkategorie (artikelkategorie_artikel_id, artikelkategorie_kategorie_id, artikelkategorie_unterkategorie_id) values (96, 1, 6);
insert into artikelkategorie (artikelkategorie_artikel_id, artikelkategorie_kategorie_id, artikelkategorie_unterkategorie_id) values (97, 1, 6);
insert into artikelkategorie (artikelkategorie_artikel_id, artikelkategorie_kategorie_id, artikelkategorie_unterkategorie_id) values (98, 2, 6);
insert into artikelkategorie (artikelkategorie_artikel_id, artikelkategorie_kategorie_id, artikelkategorie_unterkategorie_id) values (99, 3, 6);
insert into artikelkategorie (artikelkategorie_artikel_id, artikelkategorie_kategorie_id, artikelkategorie_unterkategorie_id) values (100, 1, 6);

insert into kategorie_unterkategorie (kategorie_unterkategorie_artikel_id, kategorie_unterkategorie_kategorie_id, kategorie_unterkategorie_unterkategorie_id) values (1, 3, 1);
insert into kategorie_unterkategorie (kategorie_unterkategorie_artikel_id, kategorie_unterkategorie_kategorie_id, kategorie_unterkategorie_unterkategorie_id) values (2, 2, 1);
insert into kategorie_unterkategorie (kategorie_unterkategorie_artikel_id, kategorie_unterkategorie_kategorie_id, kategorie_unterkategorie_unterkategorie_id) values (3, 1, 1);
insert into kategorie_unterkategorie (kategorie_unterkategorie_artikel_id, kategorie_unterkategorie_kategorie_id, kategorie_unterkategorie_unterkategorie_id) values (4, 2, 1);
insert into kategorie_unterkategorie (kategorie_unterkategorie_artikel_id, kategorie_unterkategorie_kategorie_id, kategorie_unterkategorie_unterkategorie_id) values (5, 3, 2);
insert into kategorie_unterkategorie (kategorie_unterkategorie_artikel_id, kategorie_unterkategorie_kategorie_id, kategorie_unterkategorie_unterkategorie_id) values (6, 2, 1);
insert into kategorie_unterkategorie (kategorie_unterkategorie_artikel_id, kategorie_unterkategorie_kategorie_id, kategorie_unterkategorie_unterkategorie_id) values (7, 2, 2);
insert into kategorie_unterkategorie (kategorie_unterkategorie_artikel_id, kategorie_unterkategorie_kategorie_id, kategorie_unterkategorie_unterkategorie_id) values (8, 3, 1);
insert into kategorie_unterkategorie (kategorie_unterkategorie_artikel_id, kategorie_unterkategorie_kategorie_id, kategorie_unterkategorie_unterkategorie_id) values (9, 1, 1);
insert into kategorie_unterkategorie (kategorie_unterkategorie_artikel_id, kategorie_unterkategorie_kategorie_id, kategorie_unterkategorie_unterkategorie_id) values (10, 2, 1);
insert into kategorie_unterkategorie (kategorie_unterkategorie_artikel_id, kategorie_unterkategorie_kategorie_id, kategorie_unterkategorie_unterkategorie_id) values (11, 1, 1);
insert into kategorie_unterkategorie (kategorie_unterkategorie_artikel_id, kategorie_unterkategorie_kategorie_id, kategorie_unterkategorie_unterkategorie_id) values (12, 1, 4);
insert into kategorie_unterkategorie (kategorie_unterkategorie_artikel_id, kategorie_unterkategorie_kategorie_id, kategorie_unterkategorie_unterkategorie_id) values (13, 1, 4);
insert into kategorie_unterkategorie (kategorie_unterkategorie_artikel_id, kategorie_unterkategorie_kategorie_id, kategorie_unterkategorie_unterkategorie_id) values (14, 3, 4);
insert into kategorie_unterkategorie (kategorie_unterkategorie_artikel_id, kategorie_unterkategorie_kategorie_id, kategorie_unterkategorie_unterkategorie_id) values (15, 1, 4);
insert into kategorie_unterkategorie (kategorie_unterkategorie_artikel_id, kategorie_unterkategorie_kategorie_id, kategorie_unterkategorie_unterkategorie_id) values (16, 1, 4);
insert into kategorie_unterkategorie (kategorie_unterkategorie_artikel_id, kategorie_unterkategorie_kategorie_id, kategorie_unterkategorie_unterkategorie_id) values (17, 2, 6);
insert into kategorie_unterkategorie (kategorie_unterkategorie_artikel_id, kategorie_unterkategorie_kategorie_id, kategorie_unterkategorie_unterkategorie_id) values (18, 3, 6);
insert into kategorie_unterkategorie (kategorie_unterkategorie_artikel_id, kategorie_unterkategorie_kategorie_id, kategorie_unterkategorie_unterkategorie_id) values (19, 1, 6);
insert into kategorie_unterkategorie (kategorie_unterkategorie_artikel_id, kategorie_unterkategorie_kategorie_id, kategorie_unterkategorie_unterkategorie_id) values (20, 3, 6);
insert into kategorie_unterkategorie (kategorie_unterkategorie_artikel_id, kategorie_unterkategorie_kategorie_id, kategorie_unterkategorie_unterkategorie_id) values (21, 1, 6);
insert into kategorie_unterkategorie (kategorie_unterkategorie_artikel_id, kategorie_unterkategorie_kategorie_id, kategorie_unterkategorie_unterkategorie_id) values (22, 2, 5);
insert into kategorie_unterkategorie (kategorie_unterkategorie_artikel_id, kategorie_unterkategorie_kategorie_id, kategorie_unterkategorie_unterkategorie_id) values (23, 2, 5);
insert into kategorie_unterkategorie (kategorie_unterkategorie_artikel_id, kategorie_unterkategorie_kategorie_id, kategorie_unterkategorie_unterkategorie_id) values (24, 3, 5);
insert into kategorie_unterkategorie (kategorie_unterkategorie_artikel_id, kategorie_unterkategorie_kategorie_id, kategorie_unterkategorie_unterkategorie_id) values (25, 3, 5);
insert into kategorie_unterkategorie (kategorie_unterkategorie_artikel_id, kategorie_unterkategorie_kategorie_id, kategorie_unterkategorie_unterkategorie_id) values (26, 1, 5);
insert into kategorie_unterkategorie (kategorie_unterkategorie_artikel_id, kategorie_unterkategorie_kategorie_id, kategorie_unterkategorie_unterkategorie_id) values (27, 1, 5);
insert into kategorie_unterkategorie (kategorie_unterkategorie_artikel_id, kategorie_unterkategorie_kategorie_id, kategorie_unterkategorie_unterkategorie_id) values (28, 2, 4);
insert into kategorie_unterkategorie (kategorie_unterkategorie_artikel_id, kategorie_unterkategorie_kategorie_id, kategorie_unterkategorie_unterkategorie_id) values (29, 3, 5);
insert into kategorie_unterkategorie (kategorie_unterkategorie_artikel_id, kategorie_unterkategorie_kategorie_id, kategorie_unterkategorie_unterkategorie_id) values (30, 3, 2);
insert into kategorie_unterkategorie (kategorie_unterkategorie_artikel_id, kategorie_unterkategorie_kategorie_id, kategorie_unterkategorie_unterkategorie_id) values (31, 1, 2);
insert into kategorie_unterkategorie (kategorie_unterkategorie_artikel_id, kategorie_unterkategorie_kategorie_id, kategorie_unterkategorie_unterkategorie_id) values (32, 3, 2);
insert into kategorie_unterkategorie (kategorie_unterkategorie_artikel_id, kategorie_unterkategorie_kategorie_id, kategorie_unterkategorie_unterkategorie_id) values (33, 1, 2);
insert into kategorie_unterkategorie (kategorie_unterkategorie_artikel_id, kategorie_unterkategorie_kategorie_id, kategorie_unterkategorie_unterkategorie_id) values (34, 1, 2);
insert into kategorie_unterkategorie (kategorie_unterkategorie_artikel_id, kategorie_unterkategorie_kategorie_id, kategorie_unterkategorie_unterkategorie_id) values (35, 3, 1);
insert into kategorie_unterkategorie (kategorie_unterkategorie_artikel_id, kategorie_unterkategorie_kategorie_id, kategorie_unterkategorie_unterkategorie_id) values (36, 3, 1);
insert into kategorie_unterkategorie (kategorie_unterkategorie_artikel_id, kategorie_unterkategorie_kategorie_id, kategorie_unterkategorie_unterkategorie_id) values (37, 1, 1);
insert into kategorie_unterkategorie (kategorie_unterkategorie_artikel_id, kategorie_unterkategorie_kategorie_id, kategorie_unterkategorie_unterkategorie_id) values (38, 2, 1);
insert into kategorie_unterkategorie (kategorie_unterkategorie_artikel_id, kategorie_unterkategorie_kategorie_id, kategorie_unterkategorie_unterkategorie_id) values (39, 3, 1);
insert into kategorie_unterkategorie (kategorie_unterkategorie_artikel_id, kategorie_unterkategorie_kategorie_id, kategorie_unterkategorie_unterkategorie_id) values (40, 3, 1);
insert into kategorie_unterkategorie (kategorie_unterkategorie_artikel_id, kategorie_unterkategorie_kategorie_id, kategorie_unterkategorie_unterkategorie_id) values (41, 2, 1);
insert into kategorie_unterkategorie (kategorie_unterkategorie_artikel_id, kategorie_unterkategorie_kategorie_id, kategorie_unterkategorie_unterkategorie_id) values (42, 2, 1);
insert into kategorie_unterkategorie (kategorie_unterkategorie_artikel_id, kategorie_unterkategorie_kategorie_id, kategorie_unterkategorie_unterkategorie_id) values (43, 2, 1);
insert into kategorie_unterkategorie (kategorie_unterkategorie_artikel_id, kategorie_unterkategorie_kategorie_id, kategorie_unterkategorie_unterkategorie_id) values (44, 2, 1);
insert into kategorie_unterkategorie (kategorie_unterkategorie_artikel_id, kategorie_unterkategorie_kategorie_id, kategorie_unterkategorie_unterkategorie_id) values (45, 1, 6);
insert into kategorie_unterkategorie (kategorie_unterkategorie_artikel_id, kategorie_unterkategorie_kategorie_id, kategorie_unterkategorie_unterkategorie_id) values (46, 2, 6);
insert into kategorie_unterkategorie (kategorie_unterkategorie_artikel_id, kategorie_unterkategorie_kategorie_id, kategorie_unterkategorie_unterkategorie_id) values (47, 3, 6);
insert into kategorie_unterkategorie (kategorie_unterkategorie_artikel_id, kategorie_unterkategorie_kategorie_id, kategorie_unterkategorie_unterkategorie_id) values (48, 1, 6);
insert into kategorie_unterkategorie (kategorie_unterkategorie_artikel_id, kategorie_unterkategorie_kategorie_id, kategorie_unterkategorie_unterkategorie_id) values (49, 3, 6);
insert into kategorie_unterkategorie (kategorie_unterkategorie_artikel_id, kategorie_unterkategorie_kategorie_id, kategorie_unterkategorie_unterkategorie_id) values (50, 1, 6);
insert into kategorie_unterkategorie (kategorie_unterkategorie_artikel_id, kategorie_unterkategorie_kategorie_id, kategorie_unterkategorie_unterkategorie_id) values (51, 2, 3);
insert into kategorie_unterkategorie (kategorie_unterkategorie_artikel_id, kategorie_unterkategorie_kategorie_id, kategorie_unterkategorie_unterkategorie_id) values (52, 1, 3);
insert into kategorie_unterkategorie (kategorie_unterkategorie_artikel_id, kategorie_unterkategorie_kategorie_id, kategorie_unterkategorie_unterkategorie_id) values (53, 2, 3);
insert into kategorie_unterkategorie (kategorie_unterkategorie_artikel_id, kategorie_unterkategorie_kategorie_id, kategorie_unterkategorie_unterkategorie_id) values (54, 2, 3);
insert into kategorie_unterkategorie (kategorie_unterkategorie_artikel_id, kategorie_unterkategorie_kategorie_id, kategorie_unterkategorie_unterkategorie_id) values (55, 1, 3);
insert into kategorie_unterkategorie (kategorie_unterkategorie_artikel_id, kategorie_unterkategorie_kategorie_id, kategorie_unterkategorie_unterkategorie_id) values (56, 1, 3);
insert into kategorie_unterkategorie (kategorie_unterkategorie_artikel_id, kategorie_unterkategorie_kategorie_id, kategorie_unterkategorie_unterkategorie_id) values (57, 3, 3);
insert into kategorie_unterkategorie (kategorie_unterkategorie_artikel_id, kategorie_unterkategorie_kategorie_id, kategorie_unterkategorie_unterkategorie_id) values (58, 1, 3);
insert into kategorie_unterkategorie (kategorie_unterkategorie_artikel_id, kategorie_unterkategorie_kategorie_id, kategorie_unterkategorie_unterkategorie_id) values (59, 2, 3);
insert into kategorie_unterkategorie (kategorie_unterkategorie_artikel_id, kategorie_unterkategorie_kategorie_id, kategorie_unterkategorie_unterkategorie_id) values (60, 3, 3);
insert into kategorie_unterkategorie (kategorie_unterkategorie_artikel_id, kategorie_unterkategorie_kategorie_id, kategorie_unterkategorie_unterkategorie_id) values (61, 2, 3);
insert into kategorie_unterkategorie (kategorie_unterkategorie_artikel_id, kategorie_unterkategorie_kategorie_id, kategorie_unterkategorie_unterkategorie_id) values (62, 2, 3);
insert into kategorie_unterkategorie (kategorie_unterkategorie_artikel_id, kategorie_unterkategorie_kategorie_id, kategorie_unterkategorie_unterkategorie_id) values (63, 2, 3);
insert into kategorie_unterkategorie (kategorie_unterkategorie_artikel_id, kategorie_unterkategorie_kategorie_id, kategorie_unterkategorie_unterkategorie_id) values (64, 1, 3);
insert into kategorie_unterkategorie (kategorie_unterkategorie_artikel_id, kategorie_unterkategorie_kategorie_id, kategorie_unterkategorie_unterkategorie_id) values (65, 1, 3);
insert into kategorie_unterkategorie (kategorie_unterkategorie_artikel_id, kategorie_unterkategorie_kategorie_id, kategorie_unterkategorie_unterkategorie_id) values (66, 1, 3);
insert into kategorie_unterkategorie (kategorie_unterkategorie_artikel_id, kategorie_unterkategorie_kategorie_id, kategorie_unterkategorie_unterkategorie_id) values (67, 1, 3);
insert into kategorie_unterkategorie (kategorie_unterkategorie_artikel_id, kategorie_unterkategorie_kategorie_id, kategorie_unterkategorie_unterkategorie_id) values (68, 1, 3);
insert into kategorie_unterkategorie (kategorie_unterkategorie_artikel_id, kategorie_unterkategorie_kategorie_id, kategorie_unterkategorie_unterkategorie_id) values (69, 1, 3);
insert into kategorie_unterkategorie (kategorie_unterkategorie_artikel_id, kategorie_unterkategorie_kategorie_id, kategorie_unterkategorie_unterkategorie_id) values (70, 1, 3);
insert into kategorie_unterkategorie (kategorie_unterkategorie_artikel_id, kategorie_unterkategorie_kategorie_id, kategorie_unterkategorie_unterkategorie_id) values (71, 1, 3);
insert into kategorie_unterkategorie (kategorie_unterkategorie_artikel_id, kategorie_unterkategorie_kategorie_id, kategorie_unterkategorie_unterkategorie_id) values (72, 2, 3);
insert into kategorie_unterkategorie (kategorie_unterkategorie_artikel_id, kategorie_unterkategorie_kategorie_id, kategorie_unterkategorie_unterkategorie_id) values (73, 2, 3);
insert into kategorie_unterkategorie (kategorie_unterkategorie_artikel_id, kategorie_unterkategorie_kategorie_id, kategorie_unterkategorie_unterkategorie_id) values (74, 1, 3);
insert into kategorie_unterkategorie (kategorie_unterkategorie_artikel_id, kategorie_unterkategorie_kategorie_id, kategorie_unterkategorie_unterkategorie_id) values (75, 2, 3);
insert into kategorie_unterkategorie (kategorie_unterkategorie_artikel_id, kategorie_unterkategorie_kategorie_id, kategorie_unterkategorie_unterkategorie_id) values (76, 2, 3);
insert into kategorie_unterkategorie (kategorie_unterkategorie_artikel_id, kategorie_unterkategorie_kategorie_id, kategorie_unterkategorie_unterkategorie_id) values (77, 1, 2);
insert into kategorie_unterkategorie (kategorie_unterkategorie_artikel_id, kategorie_unterkategorie_kategorie_id, kategorie_unterkategorie_unterkategorie_id) values (78, 1, 2);
insert into kategorie_unterkategorie (kategorie_unterkategorie_artikel_id, kategorie_unterkategorie_kategorie_id, kategorie_unterkategorie_unterkategorie_id) values (79, 1, 2);
insert into kategorie_unterkategorie (kategorie_unterkategorie_artikel_id, kategorie_unterkategorie_kategorie_id, kategorie_unterkategorie_unterkategorie_id) values (80, 1, 2);
insert into kategorie_unterkategorie (kategorie_unterkategorie_artikel_id, kategorie_unterkategorie_kategorie_id, kategorie_unterkategorie_unterkategorie_id) values (81, 1, 2);
insert into kategorie_unterkategorie (kategorie_unterkategorie_artikel_id, kategorie_unterkategorie_kategorie_id, kategorie_unterkategorie_unterkategorie_id) values (82, 1, 2);
insert into kategorie_unterkategorie (kategorie_unterkategorie_artikel_id, kategorie_unterkategorie_kategorie_id, kategorie_unterkategorie_unterkategorie_id) values (83, 1, 2);
insert into kategorie_unterkategorie (kategorie_unterkategorie_artikel_id, kategorie_unterkategorie_kategorie_id, kategorie_unterkategorie_unterkategorie_id) values (84, 3, 2);
insert into kategorie_unterkategorie (kategorie_unterkategorie_artikel_id, kategorie_unterkategorie_kategorie_id, kategorie_unterkategorie_unterkategorie_id) values (85, 3, 2);
insert into kategorie_unterkategorie (kategorie_unterkategorie_artikel_id, kategorie_unterkategorie_kategorie_id, kategorie_unterkategorie_unterkategorie_id) values (86, 3, 2);
insert into kategorie_unterkategorie (kategorie_unterkategorie_artikel_id, kategorie_unterkategorie_kategorie_id, kategorie_unterkategorie_unterkategorie_id) values (87, 1, 2);
insert into kategorie_unterkategorie (kategorie_unterkategorie_artikel_id, kategorie_unterkategorie_kategorie_id, kategorie_unterkategorie_unterkategorie_id) values (88, 2, 2);
insert into kategorie_unterkategorie (kategorie_unterkategorie_artikel_id, kategorie_unterkategorie_kategorie_id, kategorie_unterkategorie_unterkategorie_id) values (89, 1, 2);
insert into kategorie_unterkategorie (kategorie_unterkategorie_artikel_id, kategorie_unterkategorie_kategorie_id, kategorie_unterkategorie_unterkategorie_id) values (90, 1, 2);
insert into kategorie_unterkategorie (kategorie_unterkategorie_artikel_id, kategorie_unterkategorie_kategorie_id, kategorie_unterkategorie_unterkategorie_id) values (91, 3, 2);
insert into kategorie_unterkategorie (kategorie_unterkategorie_artikel_id, kategorie_unterkategorie_kategorie_id, kategorie_unterkategorie_unterkategorie_id) values (92, 3, 6);
insert into kategorie_unterkategorie (kategorie_unterkategorie_artikel_id, kategorie_unterkategorie_kategorie_id, kategorie_unterkategorie_unterkategorie_id) values (93, 1, 6);
insert into kategorie_unterkategorie (kategorie_unterkategorie_artikel_id, kategorie_unterkategorie_kategorie_id, kategorie_unterkategorie_unterkategorie_id) values (94, 1, 6);
insert into kategorie_unterkategorie (kategorie_unterkategorie_artikel_id, kategorie_unterkategorie_kategorie_id, kategorie_unterkategorie_unterkategorie_id) values (95, 1, 6);
insert into kategorie_unterkategorie (kategorie_unterkategorie_artikel_id, kategorie_unterkategorie_kategorie_id, kategorie_unterkategorie_unterkategorie_id) values (96, 1, 6);
insert into kategorie_unterkategorie (kategorie_unterkategorie_artikel_id, kategorie_unterkategorie_kategorie_id, kategorie_unterkategorie_unterkategorie_id) values (97, 1, 6);
insert into kategorie_unterkategorie (kategorie_unterkategorie_artikel_id, kategorie_unterkategorie_kategorie_id, kategorie_unterkategorie_unterkategorie_id) values (98, 2, 6);
insert into kategorie_unterkategorie (kategorie_unterkategorie_artikel_id, kategorie_unterkategorie_kategorie_id, kategorie_unterkategorie_unterkategorie_id) values (99, 3, 6);
insert into kategorie_unterkategorie (kategorie_unterkategorie_artikel_id, kategorie_unterkategorie_kategorie_id, kategorie_unterkategorie_unterkategorie_id) values (100, 1, 6);

insert into admin (person_personalnr, admin_fachgebiet, admin_hobby_id) values (39, 'Informatik', 1);
insert into admin (person_personalnr, admin_fachgebiet, admin_hobby_id) values (40, 'Informatik', 2);

insert into angestellter (person_personalnr, angestellter_abteilung_id, angestellter_eintrittsdatum) values (1, 2, '2017-12-18');
insert into angestellter (person_personalnr, angestellter_abteilung_id, angestellter_eintrittsdatum) values (2, 1, '2017-12-18');
insert into angestellter (person_personalnr, angestellter_abteilung_id, angestellter_eintrittsdatum) values (3, 4, '2017-12-18');
insert into angestellter (person_personalnr, angestellter_abteilung_id, angestellter_eintrittsdatum) values (4, 6, '2017-12-18');
insert into angestellter (person_personalnr, angestellter_abteilung_id, angestellter_eintrittsdatum) values (5, 8, '2017-12-18');
insert into angestellter (person_personalnr, angestellter_abteilung_id, angestellter_eintrittsdatum) values (6, 5, '2017-12-18');
insert into angestellter (person_personalnr, angestellter_abteilung_id, angestellter_eintrittsdatum) values (7, 11, '2017-12-18');
insert into angestellter (person_personalnr, angestellter_abteilung_id, angestellter_eintrittsdatum) values (8, 9, '2017-12-18');
insert into angestellter (person_personalnr, angestellter_abteilung_id, angestellter_eintrittsdatum) values (9, 9, '2017-12-18');
insert into angestellter (person_personalnr, angestellter_abteilung_id, angestellter_eintrittsdatum) values (10, 11, '2017-12-18');
insert into angestellter (person_personalnr, angestellter_abteilung_id, angestellter_eintrittsdatum) values (11, 11, '2017-12-18');
insert into angestellter (person_personalnr, angestellter_abteilung_id, angestellter_eintrittsdatum) values (12, 2, '2017-12-18');
insert into angestellter (person_personalnr, angestellter_abteilung_id, angestellter_eintrittsdatum) values (13, 9, '2017-12-18');
insert into angestellter (person_personalnr, angestellter_abteilung_id, angestellter_eintrittsdatum) values (14, 3, '2017-12-18');
insert into angestellter (person_personalnr, angestellter_abteilung_id, angestellter_eintrittsdatum) values (15, 11, '2017-12-18');
insert into angestellter (person_personalnr, angestellter_abteilung_id, angestellter_eintrittsdatum) values (16, 1, '2017-12-18');
insert into angestellter (person_personalnr, angestellter_abteilung_id, angestellter_eintrittsdatum) values (17, 7, '2017-12-18');
insert into angestellter (person_personalnr, angestellter_abteilung_id, angestellter_eintrittsdatum) values (18, 9, '2017-12-18');
insert into angestellter (person_personalnr, angestellter_abteilung_id, angestellter_eintrittsdatum) values (19, 6, '2017-12-18');
insert into angestellter (person_personalnr, angestellter_abteilung_id, angestellter_eintrittsdatum) values (20, 6, '2017-12-18');
insert into angestellter (person_personalnr, angestellter_abteilung_id, angestellter_eintrittsdatum) values (21, 9, '2017-12-18');
insert into angestellter (person_personalnr, angestellter_abteilung_id, angestellter_eintrittsdatum) values (22, 9, '2017-12-18');
insert into angestellter (person_personalnr, angestellter_abteilung_id, angestellter_eintrittsdatum) values (23, 11, '2017-12-18');
insert into angestellter (person_personalnr, angestellter_abteilung_id, angestellter_eintrittsdatum) values (24, 2, '2017-12-18');
insert into angestellter (person_personalnr, angestellter_abteilung_id, angestellter_eintrittsdatum) values (25, 11, '2017-12-18');
insert into angestellter (person_personalnr, angestellter_abteilung_id, angestellter_eintrittsdatum) values (26, 6, '2017-12-18');
insert into angestellter (person_personalnr, angestellter_abteilung_id, angestellter_eintrittsdatum) values (27, 11, '2017-12-18');
insert into angestellter (person_personalnr, angestellter_abteilung_id, angestellter_eintrittsdatum) values (28, 11, '2017-12-18');
insert into angestellter (person_personalnr, angestellter_abteilung_id, angestellter_eintrittsdatum) values (29, 8, '2017-12-18');
insert into angestellter (person_personalnr, angestellter_abteilung_id, angestellter_eintrittsdatum) values (30, 5, '2017-12-18');
insert into angestellter (person_personalnr, angestellter_abteilung_id, angestellter_eintrittsdatum) values (31, 10, '2017-12-18');
insert into angestellter (person_personalnr, angestellter_abteilung_id, angestellter_eintrittsdatum) values (32, 9, '2017-12-18');
insert into angestellter (person_personalnr, angestellter_abteilung_id, angestellter_eintrittsdatum) values (33, 10, '2017-12-18');
insert into angestellter (person_personalnr, angestellter_abteilung_id, angestellter_eintrittsdatum) values (34, 6, '2017-12-18');
insert into angestellter (person_personalnr, angestellter_abteilung_id, angestellter_eintrittsdatum) values (35, 3, '2017-12-18');
insert into angestellter (person_personalnr, angestellter_abteilung_id, angestellter_eintrittsdatum) values (36, 2, '2017-12-18');
insert into angestellter (person_personalnr, angestellter_abteilung_id, angestellter_eintrittsdatum) values (37, 10, '2017-12-18');
insert into angestellter (person_personalnr, angestellter_abteilung_id, angestellter_eintrittsdatum) values (38, 5, '2017-12-18');
insert into angestellter (person_personalnr, angestellter_abteilung_id, angestellter_eintrittsdatum) values (39, 10, '2017-12-18');
insert into angestellter (person_personalnr, angestellter_abteilung_id, angestellter_eintrittsdatum) values (40, 5, '2017-12-18');

insert into dienstplan (dienstplan_id, dienstplan_angestellten_id, dienstplan_jahr, dienstplan_woche, dienstplan_tag, dienstplan_beginn, dienstplan_ende) values (1, 1, 2018, 6, 2, '8:32', '6:39 PM');
insert into dienstplan (dienstplan_id, dienstplan_angestellten_id, dienstplan_jahr, dienstplan_woche, dienstplan_tag, dienstplan_beginn, dienstplan_ende) values (2, 2, 2018, 7, 2, '9:37', '5:14 PM');
insert into dienstplan (dienstplan_id, dienstplan_angestellten_id, dienstplan_jahr, dienstplan_woche, dienstplan_tag, dienstplan_beginn, dienstplan_ende) values (3, 3, 2018, 5, 1, '9:19', '5:38 PM');
insert into dienstplan (dienstplan_id, dienstplan_angestellten_id, dienstplan_jahr, dienstplan_woche, dienstplan_tag, dienstplan_beginn, dienstplan_ende) values (4, 4, 2018, 5, 3, '9:02', '6:05 PM');
insert into dienstplan (dienstplan_id, dienstplan_angestellten_id, dienstplan_jahr, dienstplan_woche, dienstplan_tag, dienstplan_beginn, dienstplan_ende) values (5, 5, 2018, 7, 5, '9:48', '6:16 PM');
insert into dienstplan (dienstplan_id, dienstplan_angestellten_id, dienstplan_jahr, dienstplan_woche, dienstplan_tag, dienstplan_beginn, dienstplan_ende) values (6, 6, 2018, 6, 3, '8:46', '6:06 PM');
insert into dienstplan (dienstplan_id, dienstplan_angestellten_id, dienstplan_jahr, dienstplan_woche, dienstplan_tag, dienstplan_beginn, dienstplan_ende) values (7, 7, 2018, 7, 1, '9:56', '6:46 PM');
insert into dienstplan (dienstplan_id, dienstplan_angestellten_id, dienstplan_jahr, dienstplan_woche, dienstplan_tag, dienstplan_beginn, dienstplan_ende) values (8, 8, 2018, 6, 3, '8:33', '5:06 PM');
insert into dienstplan (dienstplan_id, dienstplan_angestellten_id, dienstplan_jahr, dienstplan_woche, dienstplan_tag, dienstplan_beginn, dienstplan_ende) values (9, 9, 2018, 6, 3, '9:40', '5:59 PM');
insert into dienstplan (dienstplan_id, dienstplan_angestellten_id, dienstplan_jahr, dienstplan_woche, dienstplan_tag, dienstplan_beginn, dienstplan_ende) values (10, 10, 2018, 7, 2, '8:58', '5:07 PM');
insert into dienstplan (dienstplan_id, dienstplan_angestellten_id, dienstplan_jahr, dienstplan_woche, dienstplan_tag, dienstplan_beginn, dienstplan_ende) values (11, 11, 2018, 10, 2, '8:16', '5:01 PM');
insert into dienstplan (dienstplan_id, dienstplan_angestellten_id, dienstplan_jahr, dienstplan_woche, dienstplan_tag, dienstplan_beginn, dienstplan_ende) values (12, 12, 2018, 7, 1, '9:39', '5:35 PM');
insert into dienstplan (dienstplan_id, dienstplan_angestellten_id, dienstplan_jahr, dienstplan_woche, dienstplan_tag, dienstplan_beginn, dienstplan_ende) values (13, 13, 2018, 4, 1, '8:46', '6:03 PM');
insert into dienstplan (dienstplan_id, dienstplan_angestellten_id, dienstplan_jahr, dienstplan_woche, dienstplan_tag, dienstplan_beginn, dienstplan_ende) values (14, 14, 2018, 2, 5, '9:51', '6:17 PM');
insert into dienstplan (dienstplan_id, dienstplan_angestellten_id, dienstplan_jahr, dienstplan_woche, dienstplan_tag, dienstplan_beginn, dienstplan_ende) values (15, 15, 2018, 10, 4, '8:53', '6:26 PM');
insert into dienstplan (dienstplan_id, dienstplan_angestellten_id, dienstplan_jahr, dienstplan_woche, dienstplan_tag, dienstplan_beginn, dienstplan_ende) values (16, 16, 2018, 5, 3, '9:43', '5:59 PM');
insert into dienstplan (dienstplan_id, dienstplan_angestellten_id, dienstplan_jahr, dienstplan_woche, dienstplan_tag, dienstplan_beginn, dienstplan_ende) values (17, 17, 2018, 7, 1, '8:20', '6:11 PM');
insert into dienstplan (dienstplan_id, dienstplan_angestellten_id, dienstplan_jahr, dienstplan_woche, dienstplan_tag, dienstplan_beginn, dienstplan_ende) values (18, 18, 2018, 2, 3, '8:41', '5:35 PM');
insert into dienstplan (dienstplan_id, dienstplan_angestellten_id, dienstplan_jahr, dienstplan_woche, dienstplan_tag, dienstplan_beginn, dienstplan_ende) values (19, 19, 2018, 5, 5, '8:05', '6:46 PM');
insert into dienstplan (dienstplan_id, dienstplan_angestellten_id, dienstplan_jahr, dienstplan_woche, dienstplan_tag, dienstplan_beginn, dienstplan_ende) values (20, 20, 2018, 6, 2, '8:07', '5:15 PM');
insert into dienstplan (dienstplan_id, dienstplan_angestellten_id, dienstplan_jahr, dienstplan_woche, dienstplan_tag, dienstplan_beginn, dienstplan_ende) values (21, 21, 2018, 5, 2, '9:48', '6:53 PM');
insert into dienstplan (dienstplan_id, dienstplan_angestellten_id, dienstplan_jahr, dienstplan_woche, dienstplan_tag, dienstplan_beginn, dienstplan_ende) values (22, 22, 2018, 4, 1, '8:10', '5:59 PM');
insert into dienstplan (dienstplan_id, dienstplan_angestellten_id, dienstplan_jahr, dienstplan_woche, dienstplan_tag, dienstplan_beginn, dienstplan_ende) values (23, 23, 2018, 6, 2, '9:32', '5:22 PM');
insert into dienstplan (dienstplan_id, dienstplan_angestellten_id, dienstplan_jahr, dienstplan_woche, dienstplan_tag, dienstplan_beginn, dienstplan_ende) values (24, 24, 2018, 2, 5, '8:30', '5:28 PM');
insert into dienstplan (dienstplan_id, dienstplan_angestellten_id, dienstplan_jahr, dienstplan_woche, dienstplan_tag, dienstplan_beginn, dienstplan_ende) values (25, 25, 2018, 10, 4, '8:14', '6:04 PM');
insert into dienstplan (dienstplan_id, dienstplan_angestellten_id, dienstplan_jahr, dienstplan_woche, dienstplan_tag, dienstplan_beginn, dienstplan_ende) values (26, 26, 2018, 10, 4, '8:30', '6:16 PM');
insert into dienstplan (dienstplan_id, dienstplan_angestellten_id, dienstplan_jahr, dienstplan_woche, dienstplan_tag, dienstplan_beginn, dienstplan_ende) values (27, 27, 2018, 8, 2, '8:55', '6:47 PM');
insert into dienstplan (dienstplan_id, dienstplan_angestellten_id, dienstplan_jahr, dienstplan_woche, dienstplan_tag, dienstplan_beginn, dienstplan_ende) values (28, 28, 2018, 10, 5, '9:06', '5:04 PM');
insert into dienstplan (dienstplan_id, dienstplan_angestellten_id, dienstplan_jahr, dienstplan_woche, dienstplan_tag, dienstplan_beginn, dienstplan_ende) values (29, 29, 2018, 6, 3, '9:14', '5:04 PM');
insert into dienstplan (dienstplan_id, dienstplan_angestellten_id, dienstplan_jahr, dienstplan_woche, dienstplan_tag, dienstplan_beginn, dienstplan_ende) values (30, 30, 2018, 9, 5, '9:14', '5:38 PM');
insert into dienstplan (dienstplan_id, dienstplan_angestellten_id, dienstplan_jahr, dienstplan_woche, dienstplan_tag, dienstplan_beginn, dienstplan_ende) values (31, 31, 2018, 7, 1, '8:25', '5:11 PM');
insert into dienstplan (dienstplan_id, dienstplan_angestellten_id, dienstplan_jahr, dienstplan_woche, dienstplan_tag, dienstplan_beginn, dienstplan_ende) values (32, 32, 2018, 4, 4, '9:18', '6:14 PM');
insert into dienstplan (dienstplan_id, dienstplan_angestellten_id, dienstplan_jahr, dienstplan_woche, dienstplan_tag, dienstplan_beginn, dienstplan_ende) values (33, 33, 2018, 8, 4, '9:21', '6:35 PM');
insert into dienstplan (dienstplan_id, dienstplan_angestellten_id, dienstplan_jahr, dienstplan_woche, dienstplan_tag, dienstplan_beginn, dienstplan_ende) values (34, 34, 2018, 3, 4, '9:30', '6:06 PM');
insert into dienstplan (dienstplan_id, dienstplan_angestellten_id, dienstplan_jahr, dienstplan_woche, dienstplan_tag, dienstplan_beginn, dienstplan_ende) values (35, 35, 2018, 10, 3, '9:24', '5:39 PM');
insert into dienstplan (dienstplan_id, dienstplan_angestellten_id, dienstplan_jahr, dienstplan_woche, dienstplan_tag, dienstplan_beginn, dienstplan_ende) values (36, 36, 2018, 10, 4, '9:13', '6:49 PM');
insert into dienstplan (dienstplan_id, dienstplan_angestellten_id, dienstplan_jahr, dienstplan_woche, dienstplan_tag, dienstplan_beginn, dienstplan_ende) values (37, 37, 2018, 7, 2, '9:46', '5:10 PM');
insert into dienstplan (dienstplan_id, dienstplan_angestellten_id, dienstplan_jahr, dienstplan_woche, dienstplan_tag, dienstplan_beginn, dienstplan_ende) values (38, 38, 2018, 9, 2, '8:28', '5:08 PM');
insert into dienstplan (dienstplan_id, dienstplan_angestellten_id, dienstplan_jahr, dienstplan_woche, dienstplan_tag, dienstplan_beginn, dienstplan_ende) values (39, 39, 2018, 6, 2, '8:28', '6:59 PM');
insert into dienstplan (dienstplan_id, dienstplan_angestellten_id, dienstplan_jahr, dienstplan_woche, dienstplan_tag, dienstplan_beginn, dienstplan_ende) values (40, 40, 2018, 5, 5, '9:19', '6:25 PM');

insert into weiterbildung (weiterbildung_id, weiterbildung_kursname, weiterbildung_max_anzahl) values (1, 'Sales making', 30);
insert into weiterbildung (weiterbildung_id, weiterbildung_kursname, weiterbildung_max_anzahl) values (2, 'English lessons', 30);
insert into weiterbildung (weiterbildung_id, weiterbildung_kursname, weiterbildung_max_anzahl) values (3, 'German lessons for beginners', 7);
insert into weiterbildung (weiterbildung_id, weiterbildung_kursname, weiterbildung_max_anzahl) values (4, 'Introduction to Java', 20);

insert into kursbesuche (kursbesuche_angestellter_id, kursbesuche_weiterbildung_id, kursbesuche_admin_id, kursbesuche_ort, kursbesuche_zeit) values (1, 2, 39, 'Vienna', '19:30'); 
insert into kursbesuche (kursbesuche_angestellter_id, kursbesuche_weiterbildung_id, kursbesuche_admin_id, kursbesuche_ort, kursbesuche_zeit) values (2, 2, 40, 'Vienna', '19:30'); 
insert into kursbesuche (kursbesuche_angestellter_id, kursbesuche_weiterbildung_id, kursbesuche_admin_id, kursbesuche_ort, kursbesuche_zeit) values (3, 2, 39, 'Vienna', '19:30'); 
insert into kursbesuche (kursbesuche_angestellter_id, kursbesuche_weiterbildung_id, kursbesuche_admin_id, kursbesuche_ort, kursbesuche_zeit) values (4, 2, 40, 'Vienna', '19:30'); 
insert into kursbesuche (kursbesuche_angestellter_id, kursbesuche_weiterbildung_id, kursbesuche_admin_id, kursbesuche_ort, kursbesuche_zeit) values (5, 2, 39, 'Vienna', '19:30'); 
insert into kursbesuche (kursbesuche_angestellter_id, kursbesuche_weiterbildung_id, kursbesuche_admin_id, kursbesuche_ort, kursbesuche_zeit) values (6, 2, 40, 'Vienna', '19:30'); 
insert into kursbesuche (kursbesuche_angestellter_id, kursbesuche_weiterbildung_id, kursbesuche_admin_id, kursbesuche_ort, kursbesuche_zeit) values (7, 2, 39, 'Vienna', '19:30'); 
insert into kursbesuche (kursbesuche_angestellter_id, kursbesuche_weiterbildung_id, kursbesuche_admin_id, kursbesuche_ort, kursbesuche_zeit) values (8, 2, 40, 'Vienna', '19:30'); 
insert into kursbesuche (kursbesuche_angestellter_id, kursbesuche_weiterbildung_id, kursbesuche_admin_id, kursbesuche_ort, kursbesuche_zeit) values (9, 2, 39, 'Vienna', '19:30'); 
insert into kursbesuche (kursbesuche_angestellter_id, kursbesuche_weiterbildung_id, kursbesuche_admin_id, kursbesuche_ort, kursbesuche_zeit) values (10, 2, 40, 'Vienna', '19:30'); 

insert into kursbesuche (kursbesuche_angestellter_id, kursbesuche_weiterbildung_id, kursbesuche_admin_id, kursbesuche_ort, kursbesuche_zeit) values (11, 1, 39, 'Graz', '17:30'); ; 
insert into kursbesuche (kursbesuche_angestellter_id, kursbesuche_weiterbildung_id, kursbesuche_admin_id, kursbesuche_ort, kursbesuche_zeit) values (12, 1, 40, 'Graz', '17:30'); ; 
insert into kursbesuche (kursbesuche_angestellter_id, kursbesuche_weiterbildung_id, kursbesuche_admin_id, kursbesuche_ort, kursbesuche_zeit) values (13, 1, 39, 'Graz', '17:30'); ; 
insert into kursbesuche (kursbesuche_angestellter_id, kursbesuche_weiterbildung_id, kursbesuche_admin_id, kursbesuche_ort, kursbesuche_zeit) values (14, 1, 40, 'Graz', '17:30'); ; 
insert into kursbesuche (kursbesuche_angestellter_id, kursbesuche_weiterbildung_id, kursbesuche_admin_id, kursbesuche_ort, kursbesuche_zeit) values (15, 1, 39, 'Graz', '17:30'); ; 
insert into kursbesuche (kursbesuche_angestellter_id, kursbesuche_weiterbildung_id, kursbesuche_admin_id, kursbesuche_ort, kursbesuche_zeit) values (16, 1, 40, 'Graz', '17:30'); ; 
insert into kursbesuche (kursbesuche_angestellter_id, kursbesuche_weiterbildung_id, kursbesuche_admin_id, kursbesuche_ort, kursbesuche_zeit) values (17, 1, 39, 'Graz', '17:30'); ; 
insert into kursbesuche (kursbesuche_angestellter_id, kursbesuche_weiterbildung_id, kursbesuche_admin_id, kursbesuche_ort, kursbesuche_zeit) values (18, 1, 40, 'Graz', '17:30'); ; 
insert into kursbesuche (kursbesuche_angestellter_id, kursbesuche_weiterbildung_id, kursbesuche_admin_id, kursbesuche_ort, kursbesuche_zeit) values (19, 1, 39, 'Graz', '17:30'); ; 
insert into kursbesuche (kursbesuche_angestellter_id, kursbesuche_weiterbildung_id, kursbesuche_admin_id, kursbesuche_ort, kursbesuche_zeit) values (20, 1, 40, 'Graz', '17:30'); ; 

insert into kursbesuche (kursbesuche_angestellter_id, kursbesuche_weiterbildung_id, kursbesuche_admin_id, kursbesuche_ort, kursbesuche_zeit) values (21, 3, 40, 'Salzburg', '12:25'); ; 
insert into kursbesuche (kursbesuche_angestellter_id, kursbesuche_weiterbildung_id, kursbesuche_admin_id, kursbesuche_ort, kursbesuche_zeit) values (22, 3, 39, 'Salzburg', '12:25'); ; 
insert into kursbesuche (kursbesuche_angestellter_id, kursbesuche_weiterbildung_id, kursbesuche_admin_id, kursbesuche_ort, kursbesuche_zeit) values (23, 3, 40, 'Salzburg', '12:25'); ; 
insert into kursbesuche (kursbesuche_angestellter_id, kursbesuche_weiterbildung_id, kursbesuche_admin_id, kursbesuche_ort, kursbesuche_zeit) values (24, 3, 39, 'Salzburg', '12:25'); ; 
insert into kursbesuche (kursbesuche_angestellter_id, kursbesuche_weiterbildung_id, kursbesuche_admin_id, kursbesuche_ort, kursbesuche_zeit) values (25, 3, 40, 'Salzburg', '12:25'); ; 
insert into kursbesuche (kursbesuche_angestellter_id, kursbesuche_weiterbildung_id, kursbesuche_admin_id, kursbesuche_ort, kursbesuche_zeit) values (26, 3, 39, 'Salzburg', '12:25'); ; 
insert into kursbesuche (kursbesuche_angestellter_id, kursbesuche_weiterbildung_id, kursbesuche_admin_id, kursbesuche_ort, kursbesuche_zeit) values (27, 3, 40, 'Salzburg', '12:25'); ; 

insert into kursbesuche (kursbesuche_angestellter_id, kursbesuche_weiterbildung_id, kursbesuche_admin_id, kursbesuche_ort, kursbesuche_zeit) values (28, 4, 40, 'Bratislava', '12:25'); ; 
insert into kursbesuche (kursbesuche_angestellter_id, kursbesuche_weiterbildung_id, kursbesuche_admin_id, kursbesuche_ort, kursbesuche_zeit) values (29, 4, 39, 'Bratislava', '12:25'); ; 
insert into kursbesuche (kursbesuche_angestellter_id, kursbesuche_weiterbildung_id, kursbesuche_admin_id, kursbesuche_ort, kursbesuche_zeit) values (30, 4, 40, 'Bratislava', '12:25'); ; 
insert into kursbesuche (kursbesuche_angestellter_id, kursbesuche_weiterbildung_id, kursbesuche_admin_id, kursbesuche_ort, kursbesuche_zeit) values (31, 4, 39, 'Bratislava', '12:25'); ; 
insert into kursbesuche (kursbesuche_angestellter_id, kursbesuche_weiterbildung_id, kursbesuche_admin_id, kursbesuche_ort, kursbesuche_zeit) values (32, 4, 40, 'Bratislava', '12:25'); ; 
insert into kursbesuche (kursbesuche_angestellter_id, kursbesuche_weiterbildung_id, kursbesuche_admin_id, kursbesuche_ort, kursbesuche_zeit) values (33, 4, 39, 'Bratislava', '12:25'); ; 
insert into kursbesuche (kursbesuche_angestellter_id, kursbesuche_weiterbildung_id, kursbesuche_admin_id, kursbesuche_ort, kursbesuche_zeit) values (34, 4, 40, 'Bratislava', '12:25'); ; 
insert into kursbesuche (kursbesuche_angestellter_id, kursbesuche_weiterbildung_id, kursbesuche_admin_id, kursbesuche_ort, kursbesuche_zeit) values (35, 4, 39, 'Bratislava', '12:25'); ; 
insert into kursbesuche (kursbesuche_angestellter_id, kursbesuche_weiterbildung_id, kursbesuche_admin_id, kursbesuche_ort, kursbesuche_zeit) values (36, 4, 40, 'Bratislava', '12:25'); ; 
insert into kursbesuche (kursbesuche_angestellter_id, kursbesuche_weiterbildung_id, kursbesuche_admin_id, kursbesuche_ort, kursbesuche_zeit) values (37, 4, 39, 'Bratislava', '12:25'); ; 
insert into kursbesuche (kursbesuche_angestellter_id, kursbesuche_weiterbildung_id, kursbesuche_admin_id, kursbesuche_ort, kursbesuche_zeit) values (38, 4, 40, 'Bratislava', '12:25'); ; 
insert into kursbesuche (kursbesuche_angestellter_id, kursbesuche_weiterbildung_id, kursbesuche_admin_id, kursbesuche_ort, kursbesuche_zeit) values (39, 4, 39, 'Bratislava', '12:25'); ; 
insert into kursbesuche (kursbesuche_angestellter_id, kursbesuche_weiterbildung_id, kursbesuche_admin_id, kursbesuche_ort, kursbesuche_zeit) values (40, 4, 40, 'Bratislava', '12:25'); ; 

insert into warenkorb (warenkorb_id, warenkorb_erstelldatum, warenkorb_account_id) values (1, '2017-11-23', 1);
insert into warenkorb (warenkorb_id, warenkorb_erstelldatum, warenkorb_account_id) values (2, '2017-11-30', 2);
insert into warenkorb (warenkorb_id, warenkorb_erstelldatum, warenkorb_account_id) values (3, '2017-11-27', 3);
insert into warenkorb (warenkorb_id, warenkorb_erstelldatum, warenkorb_account_id) values (4, '2017-12-14', 4);
insert into warenkorb (warenkorb_id, warenkorb_erstelldatum, warenkorb_account_id) values (5, '2017-12-9', 5);
insert into warenkorb (warenkorb_id, warenkorb_erstelldatum, warenkorb_account_id) values (6, '2018-1-6', 6);
insert into warenkorb (warenkorb_id, warenkorb_erstelldatum, warenkorb_account_id) values (7, '2017-12-7', 7);
insert into warenkorb (warenkorb_id, warenkorb_erstelldatum, warenkorb_account_id) values (8, '2017-12-21', 8);
insert into warenkorb (warenkorb_id, warenkorb_erstelldatum, warenkorb_account_id) values (9, '2017-12-5', 9);
insert into warenkorb (warenkorb_id, warenkorb_erstelldatum, warenkorb_account_id) values (10, '2017-12-17', 10);
insert into warenkorb (warenkorb_id, warenkorb_erstelldatum, warenkorb_account_id) values (11, '2017-11-25', 11);
insert into warenkorb (warenkorb_id, warenkorb_erstelldatum, warenkorb_account_id) values (12, '2017-11-26', 12);
insert into warenkorb (warenkorb_id, warenkorb_erstelldatum, warenkorb_account_id) values (13, '2017-12-18', 13);
insert into warenkorb (warenkorb_id, warenkorb_erstelldatum, warenkorb_account_id) values (14, '2017-12-31', 14);
insert into warenkorb (warenkorb_id, warenkorb_erstelldatum, warenkorb_account_id) values (15, '2017-11-30', 15);
insert into warenkorb (warenkorb_id, warenkorb_erstelldatum, warenkorb_account_id) values (16, '2017-12-2', 16);
insert into warenkorb (warenkorb_id, warenkorb_erstelldatum, warenkorb_account_id) values (17, '2017-12-27', 17);
insert into warenkorb (warenkorb_id, warenkorb_erstelldatum, warenkorb_account_id) values (18, '2017-12-20', 18);
insert into warenkorb (warenkorb_id, warenkorb_erstelldatum, warenkorb_account_id) values (19, '2017-12-6', 19);
insert into warenkorb (warenkorb_id, warenkorb_erstelldatum, warenkorb_account_id) values (20, '2017-11-25', 20);
insert into warenkorb (warenkorb_id, warenkorb_erstelldatum, warenkorb_account_id) values (21, '2017-11-24', 21);
insert into warenkorb (warenkorb_id, warenkorb_erstelldatum, warenkorb_account_id) values (22, '2018-1-8', 22);
insert into warenkorb (warenkorb_id, warenkorb_erstelldatum, warenkorb_account_id) values (23, '2017-12-10', 23);
insert into warenkorb (warenkorb_id, warenkorb_erstelldatum, warenkorb_account_id) values (24, '2017-12-17', 24);
insert into warenkorb (warenkorb_id, warenkorb_erstelldatum, warenkorb_account_id) values (25, '2017-12-19', 25);
insert into warenkorb (warenkorb_id, warenkorb_erstelldatum, warenkorb_account_id) values (26, '2017-12-19', 26);
insert into warenkorb (warenkorb_id, warenkorb_erstelldatum, warenkorb_account_id) values (27, '2017-11-25', 27);
insert into warenkorb (warenkorb_id, warenkorb_erstelldatum, warenkorb_account_id) values (28, '2017-12-14', 28);
insert into warenkorb (warenkorb_id, warenkorb_erstelldatum, warenkorb_account_id) values (29, '2017-12-14', 29);
insert into warenkorb (warenkorb_id, warenkorb_erstelldatum, warenkorb_account_id) values (30, '2018-1-6', 30);
insert into warenkorb (warenkorb_id, warenkorb_erstelldatum, warenkorb_account_id) values (31, '2017-11-29', 31);
insert into warenkorb (warenkorb_id, warenkorb_erstelldatum, warenkorb_account_id) values (32, '2017-11-25', 32);
insert into warenkorb (warenkorb_id, warenkorb_erstelldatum, warenkorb_account_id) values (33, '2017-11-25', 33);
insert into warenkorb (warenkorb_id, warenkorb_erstelldatum, warenkorb_account_id) values (34, '2017-12-19', 34);
insert into warenkorb (warenkorb_id, warenkorb_erstelldatum, warenkorb_account_id) values (35, '2017-11-29', 35);
insert into warenkorb (warenkorb_id, warenkorb_erstelldatum, warenkorb_account_id) values (36, '2017-11-30', 36);
insert into warenkorb (warenkorb_id, warenkorb_erstelldatum, warenkorb_account_id) values (37, '2017-12-26', 37);
insert into warenkorb (warenkorb_id, warenkorb_erstelldatum, warenkorb_account_id) values (38, '2018-1-4', 38);
insert into warenkorb (warenkorb_id, warenkorb_erstelldatum, warenkorb_account_id) values (39, '2017-11-22', 39);
insert into warenkorb (warenkorb_id, warenkorb_erstelldatum, warenkorb_account_id) values (40, '2017-12-25', 40);

insert into warenkorbArtikel (warenkorbArtikel_id, warenkorbArtikel_artikel_id, warenkorbArtikel_menge, warenkorbArtikel_summe) values (1, 1, 9, 367);
insert into warenkorbArtikel (warenkorbArtikel_id, warenkorbArtikel_artikel_id, warenkorbArtikel_menge, warenkorbArtikel_summe) values (2, 2, 9, 103);
insert into warenkorbArtikel (warenkorbArtikel_id, warenkorbArtikel_artikel_id, warenkorbArtikel_menge, warenkorbArtikel_summe) values (3, 3, 5, 325);
insert into warenkorbArtikel (warenkorbArtikel_id, warenkorbArtikel_artikel_id, warenkorbArtikel_menge, warenkorbArtikel_summe) values (4, 4, 9, 314);
insert into warenkorbArtikel (warenkorbArtikel_id, warenkorbArtikel_artikel_id, warenkorbArtikel_menge, warenkorbArtikel_summe) values (5, 5, 4, 70);
insert into warenkorbArtikel (warenkorbArtikel_id, warenkorbArtikel_artikel_id, warenkorbArtikel_menge, warenkorbArtikel_summe) values (6, 6, 7, 84);
insert into warenkorbArtikel (warenkorbArtikel_id, warenkorbArtikel_artikel_id, warenkorbArtikel_menge, warenkorbArtikel_summe) values (7, 7, 10, 141);
insert into warenkorbArtikel (warenkorbArtikel_id, warenkorbArtikel_artikel_id, warenkorbArtikel_menge, warenkorbArtikel_summe) values (8, 8, 8, 108);
insert into warenkorbArtikel (warenkorbArtikel_id, warenkorbArtikel_artikel_id, warenkorbArtikel_menge, warenkorbArtikel_summe) values (9, 9, 5, 76);
insert into warenkorbArtikel (warenkorbArtikel_id, warenkorbArtikel_artikel_id, warenkorbArtikel_menge, warenkorbArtikel_summe) values (10, 10, 3, 352);
insert into warenkorbArtikel (warenkorbArtikel_id, warenkorbArtikel_artikel_id, warenkorbArtikel_menge, warenkorbArtikel_summe) values (11, 11, 9, 280);
insert into warenkorbArtikel (warenkorbArtikel_id, warenkorbArtikel_artikel_id, warenkorbArtikel_menge, warenkorbArtikel_summe) values (12, 12, 5, 61);
insert into warenkorbArtikel (warenkorbArtikel_id, warenkorbArtikel_artikel_id, warenkorbArtikel_menge, warenkorbArtikel_summe) values (13, 13, 6, 226);
insert into warenkorbArtikel (warenkorbArtikel_id, warenkorbArtikel_artikel_id, warenkorbArtikel_menge, warenkorbArtikel_summe) values (14, 14, 8, 295);
insert into warenkorbArtikel (warenkorbArtikel_id, warenkorbArtikel_artikel_id, warenkorbArtikel_menge, warenkorbArtikel_summe) values (15, 15, 10, 298);
insert into warenkorbArtikel (warenkorbArtikel_id, warenkorbArtikel_artikel_id, warenkorbArtikel_menge, warenkorbArtikel_summe) values (16, 16, 4, 147);
insert into warenkorbArtikel (warenkorbArtikel_id, warenkorbArtikel_artikel_id, warenkorbArtikel_menge, warenkorbArtikel_summe) values (17, 17, 8, 317);
insert into warenkorbArtikel (warenkorbArtikel_id, warenkorbArtikel_artikel_id, warenkorbArtikel_menge, warenkorbArtikel_summe) values (18, 18, 6, 83);
insert into warenkorbArtikel (warenkorbArtikel_id, warenkorbArtikel_artikel_id, warenkorbArtikel_menge, warenkorbArtikel_summe) values (19, 19, 4, 128);
insert into warenkorbArtikel (warenkorbArtikel_id, warenkorbArtikel_artikel_id, warenkorbArtikel_menge, warenkorbArtikel_summe) values (20, 20, 2, 181);
insert into warenkorbArtikel (warenkorbArtikel_id, warenkorbArtikel_artikel_id, warenkorbArtikel_menge, warenkorbArtikel_summe) values (21, 21, 2, 290);
insert into warenkorbArtikel (warenkorbArtikel_id, warenkorbArtikel_artikel_id, warenkorbArtikel_menge, warenkorbArtikel_summe) values (22, 22, 9, 71);
insert into warenkorbArtikel (warenkorbArtikel_id, warenkorbArtikel_artikel_id, warenkorbArtikel_menge, warenkorbArtikel_summe) values (23, 23, 11, 131);
insert into warenkorbArtikel (warenkorbArtikel_id, warenkorbArtikel_artikel_id, warenkorbArtikel_menge, warenkorbArtikel_summe) values (24, 24, 4, 206);
insert into warenkorbArtikel (warenkorbArtikel_id, warenkorbArtikel_artikel_id, warenkorbArtikel_menge, warenkorbArtikel_summe) values (25, 25, 1, 137);
insert into warenkorbArtikel (warenkorbArtikel_id, warenkorbArtikel_artikel_id, warenkorbArtikel_menge, warenkorbArtikel_summe) values (26, 26, 8, 99);
insert into warenkorbArtikel (warenkorbArtikel_id, warenkorbArtikel_artikel_id, warenkorbArtikel_menge, warenkorbArtikel_summe) values (27, 27, 7, 91);
insert into warenkorbArtikel (warenkorbArtikel_id, warenkorbArtikel_artikel_id, warenkorbArtikel_menge, warenkorbArtikel_summe) values (28, 28, 10, 248);
insert into warenkorbArtikel (warenkorbArtikel_id, warenkorbArtikel_artikel_id, warenkorbArtikel_menge, warenkorbArtikel_summe) values (29, 29, 12, 212);
insert into warenkorbArtikel (warenkorbArtikel_id, warenkorbArtikel_artikel_id, warenkorbArtikel_menge, warenkorbArtikel_summe) values (30, 30, 5, 258);
insert into warenkorbArtikel (warenkorbArtikel_id, warenkorbArtikel_artikel_id, warenkorbArtikel_menge, warenkorbArtikel_summe) values (31, 31, 11, 295);
insert into warenkorbArtikel (warenkorbArtikel_id, warenkorbArtikel_artikel_id, warenkorbArtikel_menge, warenkorbArtikel_summe) values (32, 32, 4, 126);
insert into warenkorbArtikel (warenkorbArtikel_id, warenkorbArtikel_artikel_id, warenkorbArtikel_menge, warenkorbArtikel_summe) values (33, 33, 2, 172);
insert into warenkorbArtikel (warenkorbArtikel_id, warenkorbArtikel_artikel_id, warenkorbArtikel_menge, warenkorbArtikel_summe) values (34, 34, 6, 226);
insert into warenkorbArtikel (warenkorbArtikel_id, warenkorbArtikel_artikel_id, warenkorbArtikel_menge, warenkorbArtikel_summe) values (35, 35, 1, 71);
insert into warenkorbArtikel (warenkorbArtikel_id, warenkorbArtikel_artikel_id, warenkorbArtikel_menge, warenkorbArtikel_summe) values (36, 36, 5, 282);
insert into warenkorbArtikel (warenkorbArtikel_id, warenkorbArtikel_artikel_id, warenkorbArtikel_menge, warenkorbArtikel_summe) values (37, 37, 3, 261);
insert into warenkorbArtikel (warenkorbArtikel_id, warenkorbArtikel_artikel_id, warenkorbArtikel_menge, warenkorbArtikel_summe) values (38, 38, 12, 221);
insert into warenkorbArtikel (warenkorbArtikel_id, warenkorbArtikel_artikel_id, warenkorbArtikel_menge, warenkorbArtikel_summe) values (39, 39, 8, 62);
insert into warenkorbArtikel (warenkorbArtikel_id, warenkorbArtikel_artikel_id, warenkorbArtikel_menge, warenkorbArtikel_summe) values (40, 40, 1, 144);
